artist,loved_count,mediaid,posted_count,sitename,time,title,loved
Swim Good x Merival,1332,2cgp1,6,acid stag,199,Since You Asked (Star Slinger Edit),False
Justin Jay,482,2ch75,11,Never Radio,374,Storm feat. Chris Lorenzo,False
Azealia Banks,15391,1z53b,26,Inyourspeakers Media,245,Atm Jam feat. Pharrell (Kaytranada Edition),False
octobersveryown,1338,2cgyf,4,Different Kitchen,191,Drake ~ Right Hand,False
LÈON,8893,2c5rg,14,Skeletory,196,Tired of Talking,False
Remy Boyz,7192,2b5hn,17,The Fader,294,My Way RMX feat. Drake,False
RAC,1486,2cjb0,4,The Songs We Love,170,Falling Hard (feat. Madi Diaz),False
Angus & Julia Stone,432,2cjaz,1,Indie Shuffle,310,From The Stalls,False
Giraffage,601,2cgwy,5,blahblahblahscience,221,Hello / Be With You (Slow Magic Remix),False
Kygo,2032,2cq6q,1,Dancing Astronaut,183,Piano Jam,False
Felix Jaehn,4138,2cp2j,10,Waxhole,321,Book of Love (feat. Polina) (Extended Mix),False
Jungle,3010,2cgpk,11,Harder Blogger Faster,266,Time (Darius Remix),False
Kygo,6910,2ckaj,1,Yaqui,237,Nothing Left (feat. Will Heard),False
Kranium feat. Ty Dolla $ign,6026,2cj1e,3,Never Radio,205,Nobody Has To Know (Major Lazer & KickRaux Remix),False
Tom Misch,4735,2cjjk,19,HUNGRY DRUMS,343,In The Midst Of It All (feat. Sam Wills),False
PARTYNEXTDOOR x Travi$ Scott,733,2cgcp,3,House of Lords,196,No Feelings,False
Small Black,2441,2cje5,22,the bay bridged,301,Boys Life,False
Bag Raiders,3278,2cgcj,4,Music For Ants,371,Wonderland,False
kiiara,15813,2bxjv,25,NME,226,Gold,False
Ferreck Dawn,536,2cdjt,5,Indie Shuffle,178,Superman (Radio Edit),False
Roy Wood$,2948,2chfd,9,Never Radio,252,Drama Feat. Drake,False
Hayden James,13464,2cgs0,15,Scenewave,342,Something About You (ODESZA Remix),False
Bag Raiders,6806,2by3r,20,EUPHORIA. Magazine,346,Vapour Trails,False
Krewella,3282,2cfm9,3,POP ON AND ON,222,Somewhere To Run (Lost Kings Remix),False
nvdes,3387,2cen2,15,The Burning Ear,241,unforgettable,False
Lianne La Havas,3792,2cerg,10,Caveman Sound,230,What You Don't Do (Tom Misch Remix),False
Kwabs,1716,2cdvb,20,The House of Coxhead,180,Look Over Your Shoulder (Produced by SOHN),False
Drake,1290,2cgdr,2,Never Radio,470,Hotline Bling (Prod by Nineteen85),False
Jojee,2295,2chxr,9,Going Solo,221,Think Of Anything,False
SKEPTA,2252,2cb78,12,Pigeons and Planes,253,Ojuelegba Remix feat. Drake & Skepta,False
Royal,1954,2cey6,8,Pilerats,207,Passenger (Hotel Garuda Remix),False
Lewis Del Mar,2008,2cgqv,11,Turntable Kitchen,225,Memories,False
octobersveryown,2421,2cgye,14,The Passion of the Weiss,190,Drake ~ Charged Up,False
The Weeknd,8321,2bshg,6,THUMP,210,Can't Feel My Face (Rainer + Grimm Remix),False
RAEKO,3368,2chw6,15,Indietronica,250,Everybody Knows (feat. Mating Ritual),False
Ambassadeurs,1398,2cfbr,6,Indie Shuffle,279,Looking At You (feat. C Duncan)(Moods Remix),False
Skizzy Mars,8885,25qd9,6,Indie Shuffle,224,Lucy (Olivver Remix),False
Elohim,2196,2cet9,21,Nothing but hope and passion,200,Xanax,False
octobersveryown,5817,2cgyd,12,PASSIØN PARTY,270,Drake ~ Hotline Bling,False
Beat Connection,2571,2cfy5,11,blahblahblahscience,255,So Good,False
EVVY,4247,2cfg8,11,Going Solo,251,Tidal Wave,False
Mura Masa,12045,2an66,16,Poetry in an Empty Coke Can,197,6. Lovesick Fuck,False
Chet Faker,9458,2ch9v,42,TheWebTape,224,1998 feat. Banks,False
Bag Raiders,2982,2cbrq,9,art felicis,234,Waterfalls,False
Jamie XX,5817,2bxh4,8,Through The Wire Music,221,Just Saying (Samuel Proffitt Remix),False
Cassian,5036,28adb,12,Beautiful Buzzz,368,Running (Plastic Plates Remix),False
Major Lazer,17926,2bmb6,8,Musikfar,233,Be Together (feat. Wild Belle),False
Foals,3956,2cdfq,20,Noonday Tune,244,Mountain At My Gates,False
JR JR,2535,2ccdn,5,You Hear That?!?,228,Gone,False
Zola Blood,2527,2cb23,34,Noonday Tune,278,Play Out,False
kiiara,4568,2ccj0,14,Pick Up The Headphones,261,Tennessee,False
The White Panda,8324,2ce0p,4,Audio Aquarium,180,Try Madness (Dej Loaf // Muse),False
Rationale,4470,2cdfr,15,Vehlinggo,212,Fuel to the Fire,False
GIBBZmusic,1894,2cbsf,12,J(am) of the Day,269,Love Again,False
Years & Years,1662,2cdpk,3,acid stag,221,Desire (Feki Remix),False
Dawn Golden,6510,25nbf,15,First Ear,214,All I Want (Manila Killa Remix),False
Kanye West,4707,25ke4,6,D SQUARED,286,Bound 2 (The Rooftop Boys Remix),False
Olivver,6767,2583z,13,Operation Every Band,145,Lucy (Hurt People Hurt People),False
Rustie,10543,25pza,44,IHEARTCOMIX,181,Attak (feat. Danny Brown),False
Lorde,6233,25mng,19,Salacious Sound,226,Tennis Court (Diplo's Andre Agassi Remix),False
Whitney Houston,3873,25mph,7,I Heart Moosiq,272,I Learned From The Best (Gryffin Remix),False
50 Cent,8893,25ngr,9,gottadancedirty,348,21 Questions (SNBRN Remix),False
Adventure Club,6839,25nq8,6,Chubby Beavers,312,Gold (Candyland & REVOKE Remix),False
Vic Mensa,1469,2cd4e,2,Different Kitchen,227,No Chill Feat. Skrillex X Jahlil Beats,False
Rihanna,2183,2bfw2,6,THUMP,308,Bitch Better Have My Money (Claude VonStroke Remix),False
Years and Years,5064,25nxt,14,Unrecorded,233,Breathe (Blu Cantrell cover),False
Vance Joy,11227,25mg3,2,Hillydilly,224,Mess Is Mine,False
Sum 41,9738,25hpx,8,I Heart Moosiq,253,In Too Deep (Kasum Remix,False
BANKS,19000,25mxa,51,Inyourspeakers Media,250,BEGGIN FOR THREAD,False
Flume feat. Kanye West,13451,25mjj,9,Vanscene,218,Insane (White Panda Vocal Edit),False
Day Wave,1485,2ca8d,16,Punch Magazine,272,Headcase,False
CRUISR,1460,2cc6v,8,Idolator,173,Throw Shade,False
John Newman,4478,2cd53,3,Caveman Sound,181,Come And Get It (Embody Remix),False
Icona Pop,2875,2cbsb,10,Indie Music Filter,192,First Time,False
The Drums,512,2caaq,6,acid stag,192,There Is Nothing Left (TOKiMONSTA Remix),False
Kurt Vile,2562,2ce4k,3,Indie Shuffle,299,Pretty Pimpin,False
Trouble Knows Me,1200,2ccaw,19,Buzzbands.LA,218,Trouble Knows Me (prod. by Madlib),False
Harrison Brome,1244,2carm,9,Free Indie,196,Midnight Island,False
SAFIA,3732,2c4j9,14,The Record Stache,231,Embracing Me,False
Dilly Dally,653,2caag,28,Escafandrista Musical,216,Desire,False
MR•CAR/\\ACK,412,2c9gy,3,HUNGRY DRUMS,244,"kehlani, jealous (carmack remix)",False
CHVRCHES,7552,2cbmq,40,Sounds Good To Me Too,238,Leave A Trace,False
filous,6106,2caey,2,CHROMEMUSIC,259,Better Off feat. Josh Roa & Bishøp,False
MGMT,5646,dqmq,68,Unpiano,303,Kids,False
Sonnengruss feat. Matt Kovac,9671,2ccaj,4,Vocododo,178,Day & Night (Deep Chills Remix),False
LAYLA,8191,246ew,10,manalogue.,206,SmokeStacks (DIMOND SAINTS Rework),False
NoMBe,14403,2a2ak,24,El Tino,217,California Girls,False
Lane 8,1456,2cbga,9,Y Este Finde Que,368,Loving You feat. Lulu James (Moon Boots Remix),False
Cloves,2284,2c9kx,24,Lie In The Sound,244,Don't You Wait,False
The Chainsmokers,4978,2cc8v,9,Write.Click.Cook.Listen ,211,Waterbed feat. Waterbed,False
Savannah Outen,3367,2cb89,9,CLICK AND LISTEN IT,222,Boys (Golden Coast Remix),False
The White Panda,12152,2cdd0,4,Cause=Time,195,Lean On To The Next One (Jay Z // Major Lazer & DJ Snake),False
Trails and Ways,2024,2c71y,9,Remy's Music & Film Blog,319,Downright feat. Harriet Brown (Falcon Punch Remix),False
Tribe Society,3429,2capy,7,Azltron,292,Pain Told Love (feat. Kiesza),False
MGMT,121,j29q,4,Rollo & Grady,284,Time To Pretend (DMoeFunk Club Mix),False
Santogold,3294,j2hh,11,Dancing Astronaut,278,Starstruck (Diplo Remix),False
Bikini,319,hb6c,9,Mp3 Medication,205,1234 (Feist Cover),False
MSTRKRFT,159,j4k4,3,Smetnjak,218,Bounce (High Powered Boys Remix),False
Ladytron,681,j34k,16,djnodj,288,Seventeen (Soulwax Mix),False
Lykke Li,1702,hs2v,21,Mixtape Riot,280,Little Bit (CSS Remix),False
Class Actress,2163,2c9yf,8,Electric Panda Music,276,GFE (SNBRN Remix),False
Sundara Karma,7149,2c9pg,9,blahblahblahscience,263,Flame (Roosevelt Remix),False
Lane 8,2357,2c7mp,7,The Mahogany Blog,288,Undercover feat. Matthew Dear,False
Mabel,1785,2ca1j,31,SoulBounce,230,Know Me Better,False
Jamie XX,1788,2c93r,11,THUMP,252,Loud Places (John Talabot Remix),False
CHINAH,4807,2c6q7,32,Musicgeeks,236,away from me,False
Sander Van Doorn,3356,2c2mh,3,ACIDTED,262,Ori Tali Ma (LVNDSCAPE Remix),False
CHVRCHES,8451,1zepg,38,surviving the golden age,318,The Mother We Share (Moon Boots Remix),False
Baby Bash,1320,2c74b,4,Kick Kick Snare,266,"Baby, I'm Back feat. Akon (Christofi Remix)",False
Disclosure,1311,2c5m5,22,strictlysocial,394,Holding On (Julio Bashmore's Elevated Mix),False
Laurel,3484,2c718,19,Kick Kick Snare,236,Blue Blood,False
Nicolas Jaar,1842,2c814,4,Planeta Pop,360,Tourists (Creange remix),False
Camel Power Club,3040,2c61e,3,Audio Aquarium,291,Laïka (Hannes Fischer Remix),False
Youth Lagoon,577,2ca75,1,Side One Track One,206,The Knower,False
Jack J,274,2c6q3,5,ERRANT,341,Thirstin',False
Hot Chip,1228,2c8za,5,gottadancedirty,375,Need You Now (Moonlight Matters remix),False
Mac Demarco,1239,2cagm,35,"Quick, Before It Melts.",167,I've Been Waiting For Her,False
Maximum Balloon feat Karen O & Tunde Adebimpe,3443,2c8mh,18,The Revue,371,LET IT GROW,False
Gordi,2822,2c6s3,18,art felicis,261,Can We Work It Out,False
Ought,907,2c6pn,36,Overblown Webzine,464,Beautiful Blue Sky,False
Thomas Jack,2592,2c8w1,2,Dancing Astronaut,208,Rivers,False
Giraffage & Viceroy,5701,2c8y2,13,Disco Filter,216,Impression Of You (feat. Patrick Baker),False
kiiara,5838,2c8bm,4,Dancing Astronaut,225,Gold (Hippie Sabotage Remix),False
GRiZ,7819,2c87x,7,Stereofox,267,Summer '97 feat. Muzzy Bearr,False
Ta-ku,4865,2c7sr,12,Casual Band Blogger,216,Down For You feat. Alina Baraz,False
Ratatat,17126,2ap7v,21,The Wandering Lamb,236,Cream on Chrome,False
MK feat Milly Pye,1538,2c5mc,5,Indie Shuffle,204,Bring Me To Life (Radio Edit),False
Majid Jordan,3967,2c8tv,18,Grooves 'N Jams,249,My Love feat. Drake,False
Flight Facilities,8553,26fc6,49,Silence Nogood,454,Two Bodies feat. Emma Louise (Extended Version),False
ZZ Ward,5556,2c6b3,13,MCL: Musique au Claire de Lune,192,LOVE 3X (RAC Mix),False
Atlas Genius,1954,2c0ff,8,Buzzbands.LA,249,Molecules,False
Dillon Francis,3123,2c2wx,6,Waxhole,193,Bruk Bruk (I Need Your Lovin),False
KAPTAN,1793,2c05m,18,No Country For New Nashville,242,Anywhere We Go,False
Zimmer,2193,2c369,12,Absolute Bassline,256,Heartbreak Reputation (feat. Polina),False
Meek Mill,2007,2c3b0,1,House of Lords,199,R.I.C.O feat. Drake,False
flor,2642,2c135,13,Oh My Rock,246,warm blood,False
A$AP Rocky,4891,2c367,2,Dancing Astronaut,292,LSD (Shemce Remix),False
PHFAT & Al Bairre,227,2c3hh,1,Indie Shuffle,211,Caviar Dreams,False
pools,423,2a90h,3,Delicieuse Musique,129,☕ coffee in the morning ☕,False
I'lls,764,2c1kb,19,I Oh You,246,Keep,False
Doe Paoro,534,2b8vq,8,Northern Transmissions,246,The Wind (feat. Adam Rhodes),False
Lawrence Taylor,4763,2bw9n,8,Gobsmag,184,Bang Bang,False
One T & Cool T,1189,2bxam,6,The French Shuffle,232,The Magic Key (LeMarquis & FAB Remix),False
ZEDD feat. Selena Gomez,1879,2bxcb,3,Music You Wanna Listen To,242,I Want You To Know (Steve James Remix),False
Wolf Alice,2755,2asey,41,newmusic.cz,225,Bros,False
Oliver,8659,26gx7,13,JayeL Audio Music,344,Light Years Away,False
Tame Impala,793,2atnn,4,barrygruff,247,Cause I'm a Man,False
Toro y Moi,491,2c2fa,16,Noonday Tune,93,That Instead of This,False
Panda Bear,713,2c1g8,15,surviving the golden age,211,Crosswords (Pete Rock Remix),False
Wavves X Cloud Nothings,624,2c321,18,DIY,200,No Life For Me,False
Michael Calfan,1320,2c14y,6,Inyourspeakers Media,254,Mercy (Original Mix),False
BAILE,2097,2c09y,10,Indie Shuffle,296,Matter (feat. Felicia Douglass),False
Ty Dolla $ign,2214,2c24a,11,Pitchfork,286,Blasé feat. Future & Rae Sremmurd,False
GIBBZmusic,1145,2c12f,15,CLICK AND LISTEN IT,211,I Found You,False
Robyn,4761,2c3tm,5,acid stag,215,Call Your Girlfriend (Thero & Taylor Wise Remix) (Feat. Allison Weiss),False
RL Grime,3649,25hg1,15,No Country For New Nashville,237,Core,False
Unknown Mortal Orchestra,541,2aade,8,Cause=Time,192,Multi-Love (20syl Remix),False
Amen Dunes,876,22ksd,47,Fuzzy Logic,319,Lonely Richard,False
Tame Impala,1047,2ahss,1,Indie Shuffle,243,Cause I'm A Man,False
Black Rebel Motorcycle Club,2677,zjt7,34,Shelter From the Norm,226,Beat The Devil's Tattoo,False
The Besnard Lakes,605,yqkf,110,scruffy the yak,282,Albatross,False
The Knocks,6782,1t7dh,7,aerial noise,276,The Feeling (Dave Edwards Remix),False
The Knocks,6380,1696z,20,Berkeley Place,219,Dancing With The DJ (Chiddy Bang Remix),False
HONNE,2035,2b5tf,14,Musicgeeks,272,Top To Toe,False
Matrimony,2340,29gay,9,Audio Aquarium,260,Giant (Ghosts Remix),False
Natalie Prass,736,27cmn,24,The Swollen Fox,213,Why Don't You Believe In Me,False
The Knocks,4008,2aews,10,JayeL Audio Music,197,Collect My Love feat. Alex Newell,False
Temples,1448,20jvd,49,We All Want Someone To Shout For,222,Mesmerise,False
Sinkane,1907,24y1z,31,JayeL Audio Music,197,Hold Tight,False
Unknown Mortal Orchestra,4784,2avcn,67,Loud and Quiet,257,Can't Keep Checking My Phone,False
Blue Hawaii,1474,27ams,15,What Else Is There?,264,Get Happy,False
Chet Faker,2817,2bwyg,23,Berkeley Place,206,Bend,False
Skylar Spence,1492,2bwjt,29,acid stag,246,Can't You See,False
Toro y Moi,1408,2btxp,8,acid stag,145,room for 1zone,False
The Chainsmokers,5269,2b9jx,6,EDM Girl,253,Let You Go (Steve James Remix),False
Unknown Mortal Orchestra,8153,29adb,86,Sunset in the Rearview,251,Multi-Love,False
Lapalux,3608,29q40,25,music is art,349,Don't Mean A Thing,False
Vaults,1549,27nrm,12,Little Indie Blogs,204,Poison,False
Toro Y Moi,1829,28ykp,43,KEXP Blog,222,Empty Nesters,False
ON AN ON,1558,2bnef,9,Planeta Pop,227,It's Not Over (The Twelves Remix),False
Lower Dens,2004,1hcvp,132,MUSIC BETWEEN FRIENDS,302,Brains,False
Damien Jurado,2023,20jv6,38,The Swollen Fox,198,Silver Timothy,False
Blitzen Trapper,2912,k47r,64,scruffy the yak,209,Black River Killer,False
The Knocks,4776,29s5a,19,JayeL Audio Music,250,Dancing With Myself,False
EMBRZ,9449,1y3jj,12,nialler9,284,Slow Down,False
American Authors,13856,229ha,8,I Heart Moosiq,292,Best Day Of My Life (Just A Gent Remix),False
Rudimental,14978,21hnn,6,EARMILK,305,Free (Cash Cash X Gazzo Remix),False
Mammút,143,229wz,14,MusikBlog,345,Salt,False
Tuxedo,436,2c1r6,6,The French Shuffle,238,Without Your Love,False
Soma,629,2c2et,5,Different Kitchen,198,Uncertain,False
Moullinex,873,2c03e,7,Y Este Finde Que,370,Take A Chance (Satin Jackets Remix),False
Lemon.,790,2c063,6,Different Kitchen,165,Better For You,False
Kelis,847,23px8,10,Indie Shuffle,315,'Runnin' (Machinedrum Remix),False
The Drums,410,265r5,2,KEXP Blog,290,I Can't Pretend,False
Janet Jackson,1025,2bzsd,12,Soul Motion,206,No Sleeep,False
•◊ Hopium ◊•,3814,2b5pr,9,Stereofox,218,Right Now,False
BebeRexha,2219,28h1t,4,Electric Panda Music,208,I'm Gonna Show You Crazy,False
Oh Wonder,3850,2b8z0,10,gottadancedirty,263,Midnight Moon (Melvv Remix),False
Astrid S,5295,2b9zs,3,JayeL Audio Music,235,2AM (Matoma Remix),False
TroyBoi,2929,2ba6s,2,Indie Shuffle,201,Do You feat. Armani White (Remix),False
Ishinohana,3215,2aybj,8,Electrocorp ,317,Lucía (John Talabot's Sunset edit),False
Tove Lo,6484,2b92r,4,JayeL Audio Music,278,Talking Body (Jax Jones Remix),False
Little Giants,5102,2c228,6,The French Shuffle,320,"Lately (Love, Love, Love) (Monsieur Adi Remix)",False
Favored Nations,2135,2by5n,8,Audio Drums,211,Always,False
"Astronauts, etc.",3838,2b54c,23,The Music Court,230,No Justice,False
Years and Years,9766,2b8xm,32,Spectrum Culture,254,Shine,False
diplo,8435,2baq6,18,Never Radio,285,Bitch Better Have My Money (Diplo & Grandtheft Remix)OFFICIAL,False
POWERS,9327,2ba6t,31,blahblahblahscience,205,Beat Of My Drum,False
Gigamesh,5422,2b9xa,9,The Jackplug,291,The Music,False
filous,12546,2bd2b,11,Sunset in the Rearview,198,How Hard I Try feat. James Hersey,False
Blackbear,6405,2b9ng,6,Stoney Roads,278,90210 feat. G-Eazy (Matt DiMona Remix),False
Flume,12198,2bk4b,23,Beautiful Buzzz,264,Some Minds feat. Andrew Wyatt,False
L'Orange & Jeremiah Jae,4632,2ax54,9,Lautstark,171,All I Need (feat. Gift Of Gab),False
Aayushi & Dillistone,6024,2bz99,6,Musicgeeks,237,Diamond Child,False
Major Lazer,9774,2bzkc,2,Never Radio,194,Too Original (KREAM Remix),False
Harrison Brome,2601,2bq1c,13,Poetry in an Empty Coke Can,218,Fill Your Brains (Master),False
Years & Years,4681,2c221,4,POP ON AND ON,240,King (Lash Remix),False
Iron & Wine and Ben Bridwell,2575,2bzr3,23,Cover Me,213,This Must Be The Place (Naive Melody),False
BECOME X Elohim,2226,2c0y2,16,First Ear,160,She Talks Too Much,False
Chance The Rapper,1479,296pt,2,Inyourspeakers Media,225,Sunday Candy Feat. The Social Experiment,False
Addal feat. Lisa May,3680,2c08j,6,Electric Panda Music,325,Morning In Love (Original Mix),False
HAERTS,2316,26by0,31,Indie Obsessive,258,Giving Up,False
Frankie Cosmos,190,22ky1,2,"Song, by Toad",93,My I Love You,False
Sean Nicholas Savage,323,22m21,11,Dots & Dashes,226,Naturally,False
Run The Jewels,4244,26khp,47,Too Much Love Magazine ,214,Oh My Darling Don't Cry,False
Röyksopp,4978,27mzc,10,music is art,396,Thank You,False
SZA feat. Chance The Rapper,7062,23c5d,42,The 405,216,Childs Play,False
Fatima,355,24te4,1,Don't Need No Melody,325,Biggest Joke Of All,False
Tanya Tagaq,156,24s65,12,Chicago Reader,169,Uja,False
Bombay Bicycle Club,4836,21kgk,29,SFCritic,191,Luna,False
Will Joseph Cook,2362,2c0vf,24,Queen Beetch,177,Beach,False
Shura,988,2bzty,10,DIY,443,White Light (Gabe Gurnsey Factory Floor Remix),False
Kendrick Lamar,7080,2c2a8,3,Music You Wanna Listen To,204,i (Carneyval & INSTRUM Remix),False
Lewis Del Mar,6910,2c0xq,14,Le Soundrivin,249,Loud(y),False
Saint Motel,2968,2c15e,9,Vocododo,280,My Type (Eau Claire Remix),False
Little Giants,8347,2aynk,10,Abduction Radiation,212,"Lately (Love, Love, Love)",False
The Weeknd,3304,2c298,5,THUMP,300,Can't Feel My Face (Keljet Edit),False
Wiz Khalifa Feat. Charlie Puth,5407,2azcr,5,EDM Girl,223,See You Again (Ale Mora Remix),False
ALESSIA,11779,2b0gs,22,J(am) of the Day,200,HERE,False
Sea Oleena,997,25z92,32,Just Music That I Like,311,If I'm,False
Steve Gunn,349,25e7m,14,Earbuddy,334,Milly's Garden,False
Starfoxxx,689,2651y,3,Electric Panda Music,309,Bae HD,False
Baauer,12646,27ehz,28,Pilerats,215,One Touch feat. AlunaGeorge & Rae Sremmurd,False
Maiday,5304,285hh,10,The 405,218,Wish You'd Met Me First,False
Allo Darlin',491,260dr,21,Berkeley Place,172,Romance And Adventure,False
Careful,249,1n80b,7,KEXP Blog,178,It's Funny,False
Aphex Twin,1078,26dqh,42,Wondering Sound,288,minipops 67 (120.2)(source Field Mix),False
Thrupence,2030,26w7s,23,Deftune,248,Silk,False
Goldroom,1008,23tcs,3,Poetry in an Empty Coke Can,279,Embrace (backstroke. Remix),False
The Knocks,2064,26n5b,5,JayeL Audio Music,297,Classic (DiscoTech Remix) - Big Beat,False
TĀLĀ,1563,26t41,40,Stamp The Wax,201,Alchemy,False
HAERTS,3024,20cjh,25,Cougar Microbes,320,Wings (Shlohmo Remix),False
Whilk and Misky,16143,27qph,12,Inyourspeakers Media,318,Babe I'm Yours,False
Kanye West vs. Sam Smith,14240,27x6p,11,Wake the Deaf,266,Tell Me I'm The Only One (Carlos Serrano Mix),False
Florence & The Machine,4796,27170,9,EDM Girl,263,You've Got The Love (Prince Fox Remix),False
Felix Jaehn feat. Chris Meid,4919,26tvp,11,JayeL Audio Music,248,One Last Time Remix,False
ODESZA,8426,26t7k,11,acid stag,198,Say My Name (feat. Zyra) (cln Remix),False
Clean Bandit & Jess Glynne,7353,26xhz,14,JayeL Audio Music,219,Real Love,False
Jaymes Young,6231,26x11,8,Ladywood ,250,I'll Be Good,False
GoldLink,1537,23hn5,7,Silence Nogood,164,Bedtime Story (Prod. Louie Lastic),False
Kings Of Convenience,2254,63cw,14,Indie Shuffle,235,Know How (featuring Feist),False
Dirty South,2336,26tye,7,Dancing Astronaut,274,Unbreakable (Elephante Remix),False
YOUNG & SICK,2321,26vkp,10,Salacious Sound,282,Breathe (Télépopmusik Cover),False
kp.,2411,26px0,9,I Heart Moosiq,241,where did you go,False
Yellerkin,2362,26rsp,33,Operation Every Band,261,Tools,False
FOYNES(nicholas basquiat),2128,26tvt,4,I Heart Moosiq,215,Protect (Feat. Antony & Cleopatera) (Foynes Remix),False
Aphex Twin,2015,26qkp,3,said the gramophone,322,Aisatsana,False
Jurassic 5,7406,24jdj,5,Musikfar,229,The Way We Do It,False
RAC,4175,26mpj,9,Chubby Beavers,265,Cheap Sunglasses feat. Matthew Koma (Two Friends Remix),False
alt-J,15919,261f8,57,The Devil Has The Best Tuna,216,Every Other Freckle,False
Joey Bada$$,5756,26vk9,16,Pilerats,237,Get Paid,False
T.I.,4838,26tj0,10,Different Kitchen,206,No Mediocre feat. Iggy Azalea (Grandtheft Remix),False
Mating Ritual,5519,26ngg,19,Audio Drums,188,Toxins,False
Jaymes Young,2740,26txn,5,Sunset in the Rearview,221,What Should I Do,False
TULA home,6584,26vjs,10,grinzao,226,Wicked Game,False
Cold War Kids,21228,26a2r,21,Never Radio,201,First,False
Ben Khan,4097,237kw,55,When The Gramophone Rings,198,Youth,False
The War On Drugs,12701,20xm4,139,Inyourspeakers Media,299,Red Eyes,False
Lorde,6151,26wg0,4,Earbuddy,233,Yellow Flicker Beat,False
James Bay,17145,23wf2,23,Spectrum Culture,261,Let It Go,False
Jaymes Young,18942,238f5,21,JayeL Audio Music,214,Habits Of My Heart (Sufjan Stevens Remake),False
thvn,1897,234rw,6,Sirens of Decay,230,toxic,False
M83,2528,1m0ab,52,Music For Ants,291,Graveyard Girl,False
Ben Howard,4778,1m1ef,5,Cover Lay Down,273,Call Me Maybe (Carly Rae Jepsen Cover),False
emma louise,3858,1m13r,12,Let's Not Get Carried Away,274,Boy,False
Thomas Jack,7338,205r0,10,Stoney Roads,539,Symphony (Original Mix),False
Saint Etienne,1617,1kze6,4,Vacay Wave,389,I've Got Your Music (Golden Filter Remix),False
The Twelves,1345,1m1d0,3,Revista Metrónomo,866,The Twelves | 08.05.2012,False
LIL KIDS,2409,1m1ve,5,Dingus,196,Nobodies,False
Ghost Beach,3869,1m0a7,26,KEXP Blog,208,Miracle,False
"Steve Aoki, Diplo & Deorro",4286,236tz,6,Dancing Astronaut,281,Freak (feat. Steve Bays),False
JUNGLE,6508,22m26,70,Abeano Music,180,Busy Earnin',False
THE NIGHT VI,3982,236d7,44,DrunkenWerewolf,225,Sienna,False
Haim,3808,236m2,15,the burning ear,359,If I Could Change Your Mind (The Knocks Remix),False
London Grammar,4814,23781,34,Twee Huizen Verder,346,Hey Now (Bonobo Remix),False
TOURIST,15791,22ejp,41,REDEFINE magazine,271,I Can't Keep Up (feat. Will Heard),False
SAFIA,9735,236kx,28,Site of Sound,266,"Paranoia, Ghosts & Other Sounds",False
Lykke Li,13522,2374v,45,Cougar Microbes,221,No Rest For The Wicked,False
Porter Robinson,7461,236gd,23,JayeL Audio Music,368,Sea Of Voices (RAC Mix),False
Ewok Fur,594,1ks44,3,guerolitomusic,161,moving to antarctica sounds quite ok,False
Flux Pavilion,1466,1krp8,7,Salacious Sound,317,Daydreamer feat. Example (Jack Beats Remix),False
Zella Day,3468,236fk,32,West Coast Fix,222,1965,False
D.VELOPED,6332,1f3cm,5,Sunset in the Rearview,261,My Dangerously Melodic Anthem,False
EMBRZ,9766,1z1vr,14,nialler9,322,Make Your Way,False
Edward Sharpe and the Magnetic Zeros,2544,205f7,10,The New LoFi,355,Life Is Hard (Teen Daze Remix),False
Eminem,5796,207bj,3,Earbuddy,265,Beautiful Pain feat. Sia,False
Josef Salvat,6550,204ky,28,josh is listening to,223,Every Night,False
Common,4975,2055a,19,The 405,230,I Want You (Kaytranada Edition),False
Yuna,3099,205p1,2,Earbuddy,214,Lights And Camera,False
Drake,9942,205dd,42,House of Lords,221,Come Thru (James Blake Version),False
Childish Gambino,3202,1kzn8,8,CHROMEMUSIC,141,Fuck Your Blog (feat. Flynt Flossy & Yung Humma),False
No Doubt,631,1ksgh,2,Inyourspeakers Media,264,Don't Speak,False
Project 46,1172,1ktar,3,aerial noise,316,The Rift (Original Mix),False
Kindness,3801,1k8g5,44,Genre Confused,217,House,False
Active Child,1934,1kqq6,16,Indiehere,183,Hanging On (GRVRBBRS Remix),False
Goldroom,12117,1m044,62,Buzzbands.LA,300,Fifteen (ft Chela),False
The Knocks,5152,1kzak,26,JayeL Audio Music,324,Learn To Fly,False
Mashup-Germany,7746,1g7r0,7,Silence Nogood,245,Top of the Pops 2011 (What The Fuck),False
Arion Dubstep,2111,1g5vx,1,Penned Madness,228,I'm Coming Home ( Diddy feat. Skylar Grey),False
Mike Posner,4523,1g53y,8,Pick Up The Headphones,204,Looks Like Sex,False
Swedish House Mafia,8061,1jphx,4,EARMILK,411,Greyhound (Original Mix),False
Gym Class Heroes feat. Neon Hitch,4985,1gh6m,3,the burning ear,316,Ass Back Home (Black Cards Remix),False
Birdy,6781,1fz31,13,The Morning After,309,1901 (Phoenix Cover),False
XV,1941,1ks0q,2,Et Musique Pour Tous,290,Pictures On My Wall,False
The Wanted,1080,1ks63,1,POP ON AND ON,342,Chasing The Sun (Mario Larrea Club Mix),False
Lana Del Rey,2117,1kr6z,25,Cougar Microbes,224,Blue Jeans feat. Azealia Banks (Smims&Belle Extended Remix),False
Viceroy & WhiteNoize,2495,1kt18,10,Silence Nogood,332,Only Takes (Original Mix),False
Florence and the Machine,1132,1ksjr,1,Free Breaks Blog,307,You Got The Love (The Bॐb Squad Breaks Mix),False
Kids These Days,1803,1ksca,3,Simply 7,221,Darling,False
Deadmau5,6927,1d055,4,Your Music Radar,285,Double Life Of Mau5e (Skrillex Mix),False
Ramona Falls,1740,1ksb9,3,The Music Ninja,220,Proof,False
Throttle,1580,1ks3x,4,REMIX86,300,Next Big Thing (Original Mix),False
Joel Zimmerman,2413,1krb0,5,Your Music Radar,431,Closer Rev.2,False
Summer Heart,1908,1ks5c,1,Hilly Dilly,246,I Wanted You To Stay On the Other (Side),False
Bob Marley,4202,1ks6g,2,The Music Ninja,306,Sun Is Shining (Smoke Out Dubstep Remix),False
Greg Laswell,2386,1ks5y,1,POP ON AND ON,228,Come Back Down (feat. Sara Bareilles),False
Foster the People,3214,1kr1b,14,All Things Go,366,Don't Stop (Oliver Remix),False
Amadou & Mariam,3040,1kbzc,6,the steely stylus,312,Je pense a toi,False
Felix Cartal,11522,1ksas,10,Chubby Beavers,201,Tonight (Original Mix) (feat. Maja Ivarsson from The Sounds),False
Hoodie Allen,10902,1kbc4,6,This Bonus Track,201,No Faith In Brooklyn (Feat. Jhameel),False
Avicii feat. Salem Al Fakir,5859,1kbcn,3,EARMILK,392,Silhouettes (Original Vocal Mix),False
"Avicii,David Guetta,Special Features,Max'C,Pete Sweat",3638,1fg49,2,aerial noise,369,Avicii Ft Guetta - Sunshine Special Features ( Pete Sweat - I Found U In Sunshine ),False
Grouplove,9045,1f4xw,12,EARMILK,245,Colours (Xaphoon Jones Remix),False
Overnight Celebrity Thrill,4870,1f4xt,1,AudioCred,241,Wiz Khalifa feat. Twista & Kanye West,False
Jay-Z & Kanye West,3840,1f4am,10,Cougar Microbes,275,Niggas In Paris (feat. T.I.) (Remix),False
BASTILLE,15016,1fbqe,13,JayeL Audio Music,188,What Would You Do? (City High Cover),False
Neko Case,11,1bgn6,1,Town Full of Losers,125,Misfire (Queen cover),False
Townes Van Zandt,19,qdje,3,Carnival Saloon,196,To Live Is To Fly,False
Emmylou Harris,11,122mx,3,Cover Lay Down,245,Millworker (James Taylor cover),False
Southeast Engine,11,1a055,3,Music Savage,307,Adeline of the Applachian Mountains,False
J. Cole,3378,1egj6,9,Avenge the Virgins,190,Nobody's Perfect (feat. Missy Elliott),False
Justice,5520,1eahn,34,Stoney Roads,271,Helix,False
The White Panda,21801,1ebcm,14,Silence Nogood,234,Midnight Life (Kanye West vs. M83),False
YONAS,2543,1dw12,1,Sunset in the Rearview,229,I Need A Dollar,False
T-Pain,4794,1e8a9,10,One A Day,281,5 O'clock (feat. Wiz Khalifa & Lily Allen),False
Ryan Adams,6,1bdk7,1,Cover Me,639,Dead Flowers (The Rolling Stones cover),False
David Guetta & Afrojack,5873,1dp5k,5,This Bonus Track,317,Lunar (Original Mix),False
Florence + The Machine,7720,1dwev,13,blahblahblahscience,333,What The Water Gave Me,False
Caitlin Rose,14,1bxj3,4,Teenage Kicks,208,Faithless Love,False
My Morning Jacket,10,1bx5q,1,Troubled Souls Unite,313,Movin Away (5.31.11),False
Ryan Adams,6,1bdkk,1,Cover Me,78,Caribbean Queen (Billy Ocean cover),False
Ryan Adams,7,1bem2,1,Largehearted Boy,319,Head Over Heels (Tears For Fears),False
William Elliott Whitmore,9,1berk,1,captain's dead,269,shotgun,False
Jason Isbell,4,1bemj,1,Berkeley Place,382,Hey Pocky Way (The Meters),False
William Elliott Whitmore,1,1bera,1,captain's dead,100,run johnny run,False
MGMT,6394,cr02,64,Indie Rock Cafe,230,Electric Feel,True
Lykke Li,922,gywz,26,the burning ear,203,"I'm Good, I'm Gone (Black Kids Remix)",True
Beck,653,hnkf,16,Turntable Kitchen,177,Gamma Ray,True
Ladyhawke,2565,hd6m,36,JayeL Audio Music,321,Paris Is Burning (Cut Copy Remix),True
Beck,231,hs1h,10,Radio Free Chicago,195,Modern Guilt,True
MGMT,1268,tqys,21,melophobe,409,Electric Feel (Aeroplane Remix),True
Ratatat,979,gz5r,16,The New Montreal,235,Falcon Jab,True
Keedz,2160,j3d2,8,Et Musique Pour Tous,205,Stand On The Word,True
Pnau,3317,hx94,36,Bizzies,365,Embrace feat. Ladyhawke (Fred Falke & Miami Horror remix),True
Flight Facilities,9624,2bzvm,12,Abduction Radiation,199,Heart Attack feat. Owl Eyes (Snakehips Remix),True
Duke Dumont,7432,2cjkk,10,Pilerats,206,Ocean Drive,True
GRiZ feat. Talib Kweli,4390,2cprk,7,gottadancedirty,283,For the Love (Autograf Remix),True
HINDS,928,2cdrg,37,Q Magazine,192,Chili Town,True
Ginuwine,1738,2cgm0,10,WEIRD by SEAPUNKGANG,143,Pony (Rustie Rmx),True
SPORTS,331,2che5,7,Going Solo,187,The Washing Machine,True
Pure Bathing Culture,1859,2ceh0,27,Indie30,226,Pray For Rain,True
octobersveryown,8918,2chn4,26,The Quietus,172,Drake ~ Back To Back Freestyle,True
Say Lou Lou,7573,1zdn7,40,Et Musique Pour Tous,216,Feels Like We Only Go Backwards (Tame Impala Cover),True
RKCB,4413,2cdxw,15,The Burning Ear,218,Ignite,True
Saint Motel,3539,2ca8z,6,Lipstick Disco,226,Cold Cold Man (Lost Kings Remix),True
Toro y Moi,1963,2c7nh,28,The Morning After,170,Pitch Black feat. Rome Fortune,True
Kanye West vs. The Weeknd,7605,2cjj6,1,Indie Shuffle,221,Feel Stronger (Carlos Serrano Mix),True
Oh Wonder,9635,2c48m,24,ALIAT,208,Landslide,True
ILoveMakonnen,1007,2ce4z,7,Radiorgasm,155,Leave It There ( Produced By Sonny Digital ),True
Natural Animal,5090,25p2d,3,I Heart Moosiq,191,Last Night feat. Craig Stickland (Strokes Cover),True
Kaskade,8024,2cfw3,4,Never Radio,221,Disarm You feat. Ilsey,True
The White Panda,14428,25pwf,6,Casablanca Sunset,222,Cooler Than Latch (Disclosure feat. Sam Smith // Mike Posner),True
Spoon,8085,25mvj,19,Tuneage,302,Inside Out,True
Major Lazer,8610,2cdyv,34,acid stag,196,Lost feat. MØ (Frank Ocean cover),True
Cosmo's Midnight,2380,2cc12,10,The Burning Ear,254,Walk With Me (feat. KUČKA),True
Rustie,3031,2cc5g,18,THUMP,186,Rustie - Big Catzz,True
Passion Pit,1747,2cb05,3,Lipstick Disco,312,Sleepyhead (Cerulean City Remix),True
Alessia Cara,10227,2cakr,9,West Coast Fix,208,Here (Lucian Remix),True
NoMBe,4788,2cca1,16,The Burning Ear,262,Miss Mirage,True
Holy Holy,1055,2c8dr,8,Turntable Kitchen,256,Sentimental And Monday,True
K-OS,4774,2c856,9,"Quick, Before It Melts.",197,Crucify,True
Hermitude,2486,2c9xp,8,Never Radio,205,The Buzz feat. Mataya & Young Tapz (Sweater Beats Remix),True
Modjo,5718,1rf0g,18,Never Radio,283,Lady (Kaytranada Remix),True
Drake,3172,2c9sz,9,nah right,282,Know Yourself (Jacques Greene intro edit),True
Ratatat,7226,2bwhp,12,The Wandering Lamb,254,Abrasive,True
Billy Bragg & Wilco,1101,30xf,27,Across The Kitchen Table,298,California Stars,True
Real Estate,1076,21rvk,38,Fuzzy Logic,192,Talking Backwards,True
Father John Misty,1519,27msa,46,barrygruff,262,Bored In The USA,True
The Knocks,8683,2654z,11,Site of Sound,262,Classic (RAC Mix),True
Cheers Elephant,5755,2bfxf,11,Noonday Tune,212,Airliner,True
Cayucas,758,2b1kk,28,blahblahblahscience,218,Moony Eyed Walrus,True
Ducktails,1428,2b5et,32,The Wandering Lamb,214,Headbanging In The Mirror,True
Hibou,2128,2bmqa,25,blahblahblahscience,259,Dissolve,True
The Knocks,13752,15sj5,41,SFCritic,239,Dancing With The Dj,True
The Knocks,1962,2bamw,11,EDM Girl,327,Classic (Pat Lok Shymix),True
cln,1766,2c73k,10,Queen Beetch,210,Found,True
Tame Impala,14041,2a1mf,94,barrygruff,469,Let It Happen,True
Fareoh,3613,2c8z5,8,Music Is My Life,323,Fight For You (feat. Ethan Thompson),True
What So Not,12360,2afyr,31,No Country For New Nashville,270,Gemini feat. George Maple,True
Surfer Blood,3221,2c86x,9,The Morning After,250,'Hey Ya!',True
The Griswolds,5269,2c6am,5,Write.Click.Cook.Listen ,224,If You Wanna Stay (The Rooftop Boys Remix),True
Spada,4078,2c6eb,2,Dancing Astronaut,281,Catchfire (Sun Sun Sun) (EDX's Miami Sunset Remix),True
Avicii,8576,2c6ye,8,West Coast Fix,289,Waiting For Love (Autograf Remix),True
RATATAT,4855,2c6s7,10,We All Want Someone To Shout For,378,NIGHTCLUB AMNESIA,True
Courtney Barnett,540,29w6h,4,said the gramophone,293,Depreston,True
Dusky,626,2bznk,7,Y Este Finde Que,384,Skin Deep,True
Thundercat,5534,2by09,67,Beautiful Buzzz,187,Them Changes,True
Toro y Moi,1137,2c1d3,23,acid stag,189,2Late feat. Kool A.D. and SAFE,True
Misun,2885,27bhr,35,Substance is meaningless ,166,Superstitions,True
FETTY WAP,1692,2c41v,8,Abouttoblow,263,D.A.M DATS ALL ME,True
Robyn,3106,2c3ac,6,Dancing Astronaut,271,Dancing On My Own (Templeton Remix),True
Klyne,6472,2c09d,26,Silver Soundz,187,Paralyzed,True
Crooked Colours,5650,2bt0t,7,Wonky Sensitive,229,Electric Feel (MGMT Cover),True
Jack Garratt,5312,2c3mc,29,ravechild,225,Weathered,True
Alesso,4135,2c389,4,stereogum,191,This Summer's Gonna Hurt Like A Mother F****r (Alesso Remix) (Radio Edit),True
Tame Impala,4786,23383,55,Silence Nogood,274,Stranger In Moscow(( MJ cover)),True
Gallant,8137,2c3pf,38,UNCANNY,204,Weight In Gold,True
Major Lazer,10180,227j1,23,Maddecent,182,Aerosol Can (feat. Pharrell Williams),True
The Knocks,22029,25xk6,27,SFCritic,249,Classic (feat. Powers),True
Monster Rally,329,247x6,2,music islands,219,Chin-don-ya,True
Lana Del Rey,4544,2b5c3,3,Oh My Rock,277,Born To Die (Absence Remix),True
Sia,7230,2bbc8,3,Your Music Radar,216,California Dreamin,True
OutKast,5070,2b6yd,3,Your Music Radar,194,Roses (PLS&TY Remix),True
TEEMID & Daniela Andrade,9495,226ye,8,I Heart Moosiq,263,Crave You (Flight Facilities Cover),True
Miguel,15861,228mk,23,Site of Sound,205,Simplethings,True
Young Jeezy,1653,1fz16,8,AudioCred,312,I Do (Featuring Jay-Z & Andre 3000 ) (No Tags),True
Saukrates,1879,1fg3p,2,The Music Ninja,170,Say I,True
Wale,4939,1ffz9,5,EARMILK,302,Ambition (feat. Meek Mill & Rick Ross),True
LIPS,6409,1ffe4,10,EARMILK,244,Everything To Me (Adventure Club Dubstep Remix),True
Charlotte Gainsbourg,1236,1g6nk,5,Faded Glamour,229,Out Of Touch,True
the horrible crowes,1853,1g64b,1,The New LoFi,291,sugar,True
Lupe Fiasco,2520,1g5hj,1,blahblahblahscience,406,"Super Cold (Raak Remix) (Feat. Ab-Liva, Asaad & Gilbere Forte)",True
Odjbox,4510,1g60h,1,Music For Morons,190,Birmingham,True
The Roots,4075,1f5yf,37,AudioCred,272,Make My,True
Madeon,3426,1f545,1,blahblahblahscience,104,Icarus,True
COMPNY,1625,2bzm1,25,Little Indie Blogs,233,Gently Let You Down,True
French Montana,849,2c10q,5,Discobelle,229,Gucci Mane (feat. Lil Wayne & Rick Ross) (prod. by Kanye West),True
"Kehlani, G-Eazy, IAMSU! and Lil B",2297,2bzxz,6,The Passion of the Weiss,235,Champion (Prod. by P-Lo),True
In The Valley Below,4328,1rmtg,5,Indie Shuffle,287,Peaches,True
RÜFÜS / RÜFÜS DU SOL,7746,2c1vt,19,THUMP,239,You Were Right,True
Mitski,139,26mqp,13,Music Broke My Bones,205,Townie,True
Otis Redding,413,26eye,1,Yaqui,232,Sittin On The Dock Of The Bay (TEEMID Edit),True
Crooked Colours,2856,204z0,16,music is art,215,Come Down,True
Miguel feat. Wale,13493,239bn,8,Guilty Feet Have Got No Rhythm,314,Bennie and the Jets,True
The Drums,2540,1e7j4,5,The Digital Outhouse,269,Days,True
Drake & Waka Flocka,1712,1e9hp,14,EARMILK,259,Round of Applause,True
The Internet Music,4368,2c0ae,19,Data Transmission,416,Girl feat. KAYTRANADA,True
Mapei,26063,1zm6w,50,Faded Glamour,215,Don't Wait,True
The Pharcyde,15253,205k2,19,Lautstark,290,Runnin' (Bit Funk Remix),True
Pretty Lights,4446,1m0jt,15,EARMILK,260,You Get High,True
Zeds Dead & Omar LinX,2362,1m1bd,9,White Folks Get Crunk,284,NO PRAYERS (KEYS N KRATES RMX),True
Kill Paris,4311,1ky0n,8,touchez francais,259,Keep Your Secrets in Midnight City,True
Laidback Luke,3801,1kzfe,4,EARMILK,368,1234 Feat. Chuckie & Martin Solveig (Original Mix),True
Klangkarussell,14442,1jgv0,17,The Music Ninja,360,Sonnentanz,True
Feist,788,1krzh,1,This Is That Song,281,Secret Heart,True
SkizTheRapper,693,1gght,7,The Jackplug,215,Shangri-La,True
Ke$ha,1211,1gff0,9,Minneapolis Fucking Rocks,293,"Sleazy Remix 2.0 - Get Sleazier (feat. Lil Wayne, Wiz Khalifa, T.I. & André 3000)",True
Camo & Krooked,1964,1espe,3,AudioCred,250,Far Away,True
Volta Bureau,2874,1etbs,8,Dancing Astronaut,300,Alley Cat,True
Class Actress,2649,1e85t,43,Thought on Tracks,242,Weekend,True
Neon Indian,17070,1ddwn,97,Vocododo,266,Polish Girl,True
Eric Prydz,5898,1erev,5,One A Day,448,2Night (Original Mix),True
Zeds Dead,20129,1e2kk,32,Muros de Absenta,184,Coffee Break,True
The Rapture,3394,1epjs,18,Nashville Nights,388,How Deep Is Your Love (A-Trak Remix),True
Peter and Kerry,2484,1espa,5,New Music Collaborative,220,Knees,True
The Felice Brothers,57,1aajv,11,The Key,305,Ponzi,True
Ian McFeron,4,1bbds,1,Richmond Playlist,171,Good Morning (I'm Still Here),True
Tinie Tempah,3337,1bc3v,2,First up!,212,Till I'm Gone (Feat. Wiz Khalifa),True
Jason Isbell,4,1ba1n,1,Berkeley Place,288,Psycho Killer (Talking Heads),True
Jason Isbell & The 400 Unit,50,1atc2,4,ninebullets,229,Alabama Pines,True
Keegan DeWitt,269,1b7px,7,The Wounded Jukebox,270,Thunder Clatter,True
Anthony Da Costa,18,1b93s,1,Cover Lay Down,336,Boots of Spanish Leather (Bob Dylan Cover),True
Ian McFeron,8,1bbdx,1,Richmond Playlist,210,I'll Come Knockin',True
Keegan DeWitt,54,13smw,4,guerolitomusic,287,Hearts Beat Loud,True
Jason Isbell,6,1ba1p,1,Berkeley Place,367,Into the Mystic (Van Morrison),True
Chromeo,3246,1dfpn,27,Et Musique Pour Tous,231,When the Night Falls (feat. Solange Knowles) (Mayer Hawthorne Cover),True
"Nervo (Afrojack, Steve Aoki & Cheyenne Giles Edit)",5335,1dwf0,4,D SQUARED,436,We're All No One,True
Howard Iceberg & The Titanics,1,1csa5,1,ninebullets,206,The Wrestler,True
William Elliott Whitmore,5,1berf,1,captain's dead,277,what u do,True
Those Darlins,104,1aq2h,9,Rollo & Grady,220,Be Your Bro,True
The Devil Whale,76,19ad0,10,The Wheel's Still In Spin,224,9 Barracudas,True
The Devil Whale,40,1bptt,11,Tough Customer // Wire,228,Standing Stones,True
Dawes,165,10hkx,9,The Ruckus,246,When My Time Comes,True
The Moondoggies,20,18d25,7,Austin Town Hall,164,Track 01,True
Ratatat,7849,4t74,43,TheMusic.FM,266,Seventeen Years,True
Cage the Elephant,7860,16hr5,12,Richmond Playlist,212,Shake Me Down,True
Hoodie Allen,2951,1d7tj,5,The Jackplug,196,Song For An Actress,True
The Elected,57,1bbhp,7,Indie For Bunnies,232,Go For The Throat,True
Band of horses,388,bj2x,12,Draw Us Lines,189,the general specific,True
Okkervil River,22,1a8tr,3,Salad Days Music,206,Wake And Be Fine,True
Richard Buckner,4,1b90q,1,Hyperbolium,138,Traitor,True
Caitlin Rose,23,19mrn,3,My Old Kentucky Blog,198,Shanghai Cigarettes (LaundroMatinee.com session),True
William Elliott Whitmore,44,1bbvs,7,brooklynvegan,256,Everything Gets Gone,True
Keegan DeWitt,56,16s1w,3,guerolitomusic,298,Two Hearts (mp3),True
O'Death,775,18kgj,43,SUCKA PANTS,135,Bugs,True
Ian McFeron,7,1bbdw,1,Richmond Playlist,210,Comfort In The Bottle,True
Trampled By Turtles,1481,110ex,15,SUCKA PANTS,205,Wait So Long,True
Okkervil River,320,19p5w,32,Indie Rock Cafe,216,Wake and Be Fine,True
Drive-By Truckers,14,vjep,2,Bottom of the Glass,302,Lookout Mountain,True
Chairlift,8378,kabk,49,The New LoFi,242,Bruises,True
Galapaghost,3645,16nnm,16,the steely stylus,187,Never Heard Nothin',True
Kid Cudi,22605,1b9zx,13,Indie Shuffle,164,Falling Star (R3K Remix),True
Friendly Fires,11991,ma8d,124,EARMILK,464,Paris (feat. Au Revoir Simone) (Aeroplane Remix),True
My Morning Jacket,98,yj17,4,Football and Music,182,Blue Moon,True
Jolie Holland,63,1b7zm,14,This Is That Song,197,Gold and Yellow,True
Professor Green,1451,13ymc,2,Kick Kick Snare,288,Just Be Good To Green (Joker Vocal Remix),True
poka,1235,1410v,3,Delicieuse Musique,248,99 style,True
Fake Blood,3542,12nm7,19,Penned Madness,319,I Think I Like It (Tommie Sunshine & Figure EC$TACY edit),True
Phoenix,3294,v1wz,4,indie shuffle,174,1901 (acoustic),True
Oasis,1764,45qw,17,Popdose,290,Don't Look Back in Anger,True
Cassius,721,143rp,1,Why FuKK When You Can Dance,142, I 3 U So,True
WTF?! & dead prez,696,140t3,2,earmilk,336,It's Bigger Than Hip Hop (Sidney Samson Remix),True
Tim Gunter,3441,14146,1,musical pairings @ eating/sf,265,"Ghosts 'N Money feat. Deadmau5, Drake, Birdman and Lil Wayne",True
Gangstarr,2664,12mkz,1,Silence Nogood,178,Work,True
Oasis,4849,12kz0,8,Pigeons and Planes,248,Wonderwall (Questions Version),True
The Heavy,3839,xbmh,11,"Safety, Fun & Learning",217,How You Like Me Now?,True
D.veloped,16141,1g7c9,12,djnodj,206,Bring Em Home (Edward Sharpe // T.I.),True
Foster The People,4356,1agyw,6,the burning ear,218,Pumped Up Kicks (The Knocks Remix),True
Afrojack,7499,17pca,3,This Bonus Track,480,Replica (Daft Punk Vs. Yelle Vs. Katy Perry Vs. Bloc Party Vs. Major Lazer),True
Of Monsters And Men,26230,179kx,71,Meadow Music,246,Little Talks,True
Xaphoon Jones,12191,1ab7h,14,Oh My Rock,179,The Jackson Pit,True
Ratatat vs. Marvin Gaye,9216,1agk1,5,Cause=Time,206,Ain't No Drugs High Enough The Jane Doze mashup),True
Mark Ronson And The Business Intl,1870,15562,8,AWmusic,265,The Bike Song (feat. Kyle Falconer & Spank Rock),True
Lupe Fiasco,4999,1993j,10,Fuck yeah! Go team!,221,All Black Everything,True
Andre 3000 (Feat. Norah Jones),1510,121k0,1,Avenge the Virgins,157,Take off your cool,True
Shwayze,2241,121jz,2,Discobelle,237,Buzzin' (DJ Skeet Skeet & Cory Nitta Remix),True
The Flavour,2887,1b0e2,3,Schitz Popinov,176,Sex on Fire ( Reggae Cover ),True
Beach House,2735,17a3h,82,Chromewaves,209,I Do Not Care For The Winter Sun,True
Hoodie Allen,3645,18a02,7,The Smoking Section,197,Dreams Up,True
The Tallest Man On Earth,6743,z7wd,117,Star Maker Machine,206,King of Spain,True
Hidetake Takayama,992,17pn7,1,Hilly Dilly,340,Sunset Song,True
The White Panda,7729,1621k,7,Silence Nogood,172,Escape Day 'N' Nite (Kid Cudi // Tiesto),True
Ellie Goulding,22584,1753q,21,Silence Nogood,281,Your Song (Blackmill Dubstep Remix),True
The Black Keys,22261,10k0q,94,Indie Shuffle,210,Tighten Up,True
Skrillex,9477,176za,17,aerial noise,305,Cat Rats,True
Wait What,2698,14fp8,3,the burning ear,274,got urself an electric gun (nas vs mgmt & justice),True
Wait What,1246,14d3j,2,Sunset in the Rearview,211,i gotcha right moves (lupe fiasco vs. onerepublic),True
Kings of Convenience,3308,tgsm,20,Delicieuse Musique,221,Boat Behind,True
Drake & Coldplay,3337,12gbs,2,Cause=Time,391,"Forever La Vida (feat. Lil Wayne, Kanye West & Eminem)",True
Outkast,671,120m5,2,One A Day,359,Spottieottiedopaliscious,True
David Dallas,2266,11whf,7,JayeL Audio Music,202,Til Tomorrow,True
A-Trak,539,12138,1,First up!,220,O Let's Overdo It,True
Cee Lo Green,2472,12ewk,4,the burning ear,239,What Part Of Forever,True
The White Panda,5676,12bjt,10,Seattle in High Def,170,The Next Starf*cker (Snoop & Dre meet Starfucker),True
Eminem,7300,12gk7,7,AWmusic,264,Love the Way You Lie (Feat. Rihanna),True
Lupe Fiasco,1549,11fnw,1,Pigeons and Planes,260,Love Letter To The Beat,True
B.o.B,5394,11egv,7,Mixtape Maestro,219,Not Lost feat. T.I.,True
The Temper Trap,16442,11akb,30,J(am) of the Day,391,Sweet Disposition (RAC Mix),True
Crystal Castles,5038,11nnh,31,ACE,270,Vietnam (lightsoverla remix),True
K-Os,6127,r65a,13,Music For Kids Who Can't Read Good,190,I Wish I Knew Natalie Portman,True
DeVotchKa,4538,98wz,30,The Ruckus,420,How It Ends,True
Gang Starr,1433,11f9p,3,A Grumpy Old Man With A Beard,225,Above The Clouds,True
UGK,2603,11f4z,23,The Music Ninja,257,Int'l Players Anthem (Feat. OutKast),True
Justin Bieber x MSTRKRFT,5205,11626,12,Music That We Like,218,Heartbreaker Baby (CJ Milli Mix),True
Katy Perry,8509,kgqy,28,Minneapolis Fucking Rocks,207,Electric Feel (MGMT COVER),True
Atmosphere,12770,an3p,19,surviving the golden age,217,Sunshine,True
CocoRosie,420,hv6n,2,The New Montreal,181,Sunshine,True
Blur,551,b1wn,3,Scottish Friction,318,Coffee & TV,True
Two Door Cinema Club,9155,11sem,8,Indie Shuffle,226,"Eat That Up, It's Good For You",True
B.o.B + Asher Roth,3691,11zec,4,Hot Biscuits,308,Fuck The Money,True
Beirut,6214,6fnn,78,Stereofox,257,Postcards From Italy,True
The White Panda,4794,11px3,10,Silence Nogood,238,Drake & Diane (Drake // John Mellencamp),True
Deadmau5,11133,11p39,13,Intentional Independent Inspiration,447,Some Chords (Original Mix),True
Lily Allen,1201,11nf2,1,Town Full of Losers,150,Everybody's Changing,True
Two Door Cinema Club,22232,10spe,87,All Things Go,249,Something Good Can Work (The Twelves Remix),True
Aloe Blacc,18562,zrgm,78,The 'Spill,245,I Need a Dollar,True
The Hood Internet,8556,10g9w,9,Hear No Evil,211,Nuthin' But A Journal Thang (Dr. Dre vs Class Actress),True
Theophilus London vs. Vampire Weekend,1574,12hca,9,CHROMEMUSIC,151,Give It Up Dad,True
The Jimi Hendrix Experience,802,11ngk,2,indie shuffle,408,Like A Rolling Stone (Bob Dylan Cover),True
MGMT,614,11mhk,1,earmilk,329,Kids (DJ STHLM Remix),True
Walter Murphy & The Big Apple Band,4917,kkj9,14,Schitz Popinov,225,A Fifth of Beethoven (Soulwax Remix),True
Jay-Z vs. The Dap Kings,2183,14c8p,11,Kick Kick Snare,238,99 Problems (Prince Ballard Royal Edit),True
shwayze,1374,11mk1,1,Stoney Roads,247,04 GET U HOME - (Bloody Beetroots Italo Disco Rmx),True
White Rabbits,3085,r37c,68,Chromewaves,189,Percussion Gun,True
Phoenix,8663,rm01,10,Kick Kick Snare,258,1901 (Customised by DLID),True
Camron,1403,11gk0,2,One A Day,243,Spend The Night,True
Solid Gold,630,mrhv,10,Both Sides of the Mouth,258,Who You Gonna Run To?,True
Chiddy Bang,8022,112cr,10,Sunset in the Rearview,187,Hey London,True
Coconut Records,6433,91z5,41,Side One Track One,208,West Coast,True
Hathbanger,3289,zezy,7,on THE spur of the moment,195,Party and Bullshit In the U.S.A. (Miley vs. Notorious B.I.G.),True
Hey Champ,6204,kq1z,51,We Are Noise,263,Cold Dust Girl,True
Miike Snow,10407,shb9,13,This Bonus Track,250,Song for No One,True
Ludacris vs Ke$ha,1928,112sm,2,20 Watts,204,$hwagger Jagger (Pres Mashup),True
Kings of Convenience,5200,tqc7,17,Et Musique Pour Tous,258,I Don't Know What I Can Save You From (Röyksopp Remix),True
KiD CuDi,20157,j3n8,16,The New LoFi,219,The Prayer,True
Biggie vs Tupac vs The xx,11346,v9et,13,Cause=Time,149,Runnin With The xx (Quix vs Elliot Blend),True
Two Door Cinema Club,24110,107fw,32,Simply 7,191,What You Know,True
Birdman,945,107nt,1,earmilk,187,Loyalty f. Lil Wayne & Tyga,True
Yeah Yeah Yeahs,5216,107a4,6,Raised on Indie,180,Maps [TGIK Remix],True
Jonsi,2068,1077k,15,The Wounded Jukebox,255,Tornado,True
KiD CuDi Ft. Snoop Dogg,3124,107z7,1,First up!,271,I Do My Thing (prod. by Dr. Dre),True
Kidz in the Hall,968,108mg,4,blahblahblahscience,278,Take Over the World (Feat. Colin Munroe) (Prod. Just Blaze),True
K-Os,2939,5f4j,10,Auditor Records,230,Sunday Morning,True
Drake,4207,105xk,20,surviving the golden age,236,Over,True
Angus & Julia Stone,1418,106x7,3,Streetkiss music,296,Silver Coin,True
Mumford And Sons,15098,w6fn,26,Indieball,261,Little Lion Man,True
Sublime,338,10rst,1,Hear No Evil,212,Scarlet Begonias,True
Brand-x,2660,12gsj,5,Vacay Wave,209,Chillin on the Plane L (M.I.A. x Wale x Lady Gaga),True
Wait What,4201,10s72,6,La detente generale,183,Islands Is The Limit (The Notorious B.I.G. vs. the xx),True
The Velvet Underground,1264,ywmy,2,songs that are good,450,Oh! Sweet Nuthin',True
Jay-Z vs Black Kids,3574,10s43,3,say it like slam,192,Not Gunna Encore (Ha! Yes Mash-Up),True
Victor Menegaux,2085,n8r6,2,Rollo & Grady,195,Going Back To Dani (Notorious B.I.G. vs. Red Hot Chili Peppers),True
wait what,1641,10s0e,3,Sunset in the Rearview,258,mo stars mo problems [the notorious b.i.g. vs. the xx],True
wait what,488,10s0d,2,THE RATCATCHERS,272,it's all about the crystalizabeths [the notorious b.i.g. vs. the xx],True
The Hood Internet,569,t7gk,4,The Music Ninja,238,Make The Loop Say Aye (OJ Da Juiceman vs Discovery),True
The Hood Internet,6222,rmg6,11,JayeL Audio Music,169,Comfortable Up Here (Lil Wayne vs Röyksopp),True
wait what,1971,10npy,8,Indie Shuffle,236,juicy-r [the notorious b.i.g. vs. the xx],True
Danger Mouse & Sparklehorse,4677,rxp3,33,Indie Rock Cafe,273,Little Girl (w/ Julian Casablancas),True
Bone Thugs-n-Harmony,279,10nwd,2,melophobe,257,D.O.A. (Jay Z Cover),True
Miike Snow,9210,shb4,31,Side One Track One,386,Silvia,True
Edward Sharpe & The Magnetic Zeros,26141,tedp,120,The 'Spill,304,Home,True
The White Panda,9447,10e1a,15,Salacious Sound,201,Tipsy In The Sun (Weezer // J-Kwon),True
Matt & Kim,9251,vchz,15,Cougar Microbes,275,Daylight (Troublemaker Remix feat. De La Soul),True
The White Panda,1571,1088r,10,FYaCity,185,"Ready For My Neck, My Back (Hot Chip // Khia)",True
Clockwork,4655,10dfz,2,The Music Ninja,243,Office Musik (Dwight K. Shrute Vs. Weezy F. Baby),True
The xx,620,w2xz,4,Streetkiss music,258,Teardrops,True
The Beach Boys,7715,v1rq,12,My Universal Language,219,Wouldn't It Be Nice (The Girls Can Hear Us Remix),True
Lupe Fiasco,2382,zk4s,6,Dipped in Dollars,240,What U Want,True
Otis Redding,4116,8fyp,15,THE VINYL VILLAIN,162,(Sittin' On) The Dock Of The Bay,True
The Hood Internet,7091,zfa7,15,earmilk,185,Ignition (Keep It Remixing Louder) (R. Kelly vs Major Lazer),True
Vampire Weekend,1218,zh5d,20,indie rocker revolution,145,Ruby Soho (Rancid Cover),True
Phoenix,13187,4jcp,29,One A Day,267,If I Ever Feel Better,True
Rusko Vs Ludacris,1110,zwcs,5,POSTMUSIC,214,I Can Go Thug (Twerkshop Mashup),True
The White Panda,13172,zx98,10,Silence Nogood,200,Shooting Superstars (Eminem vs Bag Raiders),True
Blur,1987,tet1,4,indie shuffle,319,Song 2 (Vengeance Remix),True
Modest Mouse,7109,6ts0,30,The Music Ninja,208,Float On,True
Kanye West,25270,1cxw,23,Silence Nogood,315,Get Em High (Ratatat Remix),True
The Whitest Boy Alive,5822,p8k5,22,SLOANE RANGER,212,1517,True
Birdman ft. Drake & Bun B,542,x834,1,First up!,252,Mo Milly (Feat. Drake And Bun B),True
DJ Mehdi,684,8smr,4,The Wet Blog,371,Signatune (Spiller Remix),True
Phoenix,1175,xfvr,4,EARMILK,247,1901 (Neon Steve Remix),True
Los Campesinos!,1022,e1e5,20,Gigantic,406,You! Me! Dancing!,True
Daft Punk,776,xfwv,1,ilictronix,344,Around the World (Sebastian Leger's Not To Be Released Remix),True
RJD2,940,t7ng,4,The MusicFile,297,Good Times Roll Pt 2,True
Aesop Rock,3023,6k70,10,katarokkar,266,Daylight,True
The Hood Internet,10164,zbjg,11,Penned Madness,193,The XX Gon' Give It To Ya (DMX vs The XX),True
YACHT,4074,saem,58,The Panic Manual,309,Psychic City (Voodoo City),True
Passion Pit,1757,z40m,3,CHROMEMUSIC,143,Sleepyhead (Acoustic Piano Version),True
Fever Ray,10236,wr53,38,Namunël,288,Seven (The Twelves Remix),True
Mumford & Sons,9234,n6m3,52,The Blue Walrus,247,Little Lion Man,True
David Guetta ft. KiD CuDi,1745,yzkj,2,TAjT,303,Memories (Leo Lotsaless Remix Big Room Build),True
Metric,2137,v4hg,4,The Digital Outhouse,184,"Don't Think Twice, It's Alright",True
RADIO KROME,433,tbhd,2,Subservient Experiment,187,Amanda Blank - Might Like You Better (RADIO KROME Remix),True
Dan Black Feat. Kid CuDi,12206,yzsk,41,My Universal Language,223,Symphonies (Remix),True
Justice vs Wu Tang Clan,2260,wc2b,8,earmilk,211,Cream Your Friends (Starters Remix),True
Wale,5898,wtk5,9,Et Musique Pour Tous,202,90210 (prod. by Mark Ronson),True
The Hood Internet,5429,sxxg,13,Cougar Microbes,207,Billie Wildcat Jean (Michael Jackson vs Ratatat),True
Andrew Bird,298,pe12,7,עונג שבת,337,"Not A Robot, But A Ghost",True
Focus,569,xprk,6,The 'Spill,403,Hocus Pocus,True
Phoenix,563,c520,4,AWmusic,221,One Time Too Many,True
M. Ward,230,q3ke,4,Loft And Lost,255,Hi-Fi,True
The White Panda,1668,xp2g,2,Muzjiks,226,Stuntin' Like My Energy (Lil Wayne vs Keri Hilson),True
Yeah Yeah Yeahs,5765,xqjv,7,The Music Ninja,230,Maps (Acoustic/Strings Version),True
Flying Lotus,1282,j17x,9,Sunset in the Rearview,186,Robo Tussin feat. Lil Wayne.aif 15.41.55PM,True
Metric,2325,v55s,9,i (heart) music,187,Don't Think Twice It's Alright (Bob Dylan Cover),True
Lady Gaga,1151,x9q8,6,The World Forgot,364,Paparazzi (Redlight Remix),True
KiD CuDi,22349,y0rf,24,"The Good, The Bad, and The Unknown",146,Cudderisback (Feat. Vampire Weekend),True
Chiddy Bang,6714,sgnw,18,Listen Before You Buy,171,Truth (feat. Passion Pit),True
Anya Marina,10402,x3p9,14,New Music Collaborative,229,Whatever You Like (T.I. Cover),True
,1163,wtrs,2,The Music Ninja,202,99problems vs. phantom II,True
Florence + The Machine,38052,wm2h,154,djnodj,344,You've Got The Love (The XX Remix),True
RJD2,1175,wtrc,4,Rollo & Grady,208,All For U,True
Wale,388,wtpm,1,Hilly Dilly,208,Prescription,True
The Scare,465,wr2a,7,Winnie Cooper,465,Could Be Bad  (G.L.O.V.E.S Remix),True
Don Diablo vs Phoenix vs Jay Z,3370,w912,19,Electronix,205,99 Fences,True
Ishivu,533,w0mw,3,amix music,267,New Clear Head,True
DJDT,479,r80g,2,FMLY,208,Killers Remix Dude!,True
"Mos Def, Jim Jones & Black Keys",331,vm5p,2,earmilk,202,Hoochie Coo,True
Xaphoon Jones,6608,vf8f,5,Songs to Save,293,"I Wanna Know Now (Bob Marley, MGMT)",True
Phoenix,5174,qmdh,22,Friends From Far,459,Love Like a Sunset,True
John Mayer,2021,w0v7,6,Audio Muffin,180,Who Says,True
The Bloody Beetroots,803,w0s1,1,KEEPREAL,261,Warping  is Awesome (TOMY's edit),True
Jay-Z and Marvin Gaye,9416,vxyr,6,earmilk,260,Hello Brooklyn,True
Phoenix,13713,qp90,139,Ca Va Cool,198,1901,True
Kid Cudi,15492,vhfh,30,The New LoFi,295,Pursuit of Happiness (Feat. MGMT And Ratatat),True
dfp,721,1b63h,2,La detente generale,373,I want you Black-Dimitri From Paris super heavy funk brakes remix,True
Xaphoon Jones,11178,wbg3,12,EARMILK,200,"Testify (Radiohead, Kanye West)",True
Justice,927,vc74,8,Vacay Wave,318,We Are Your Friends (Barretso Remix),True
Miike Snow,12121,qc6a,79,8106,264,Animal,True
Vampire Weekend,5862,w7d5,79,Chromewaves,208,Horchata,True
Uffie,1281,w5r0,6,First up!,159,Pop the Glock (Mirwais Pop Remix),True
Casiotone For The Painfully Alone,470,qymc,4,Monstrous Media!,210,Hot Boyz (W/ Dear Nora),True
Arcade Fire,4793,8anb,71,Minored In Music,337,Wake Up,True
Rhymefest,1266,45vm,3,Some Songs Considered,227,Build Me Up (Feat. O.D.B.),True
Kanye West,1590,vbyy,5,EARMILK,318,Flashing Lights (High Contrast Remix),True
KiD CuDi ft. Ratatat,49,vkef,1,First up!,225,Pursuit of Happiness (Live Late Show with David Letterman 11th of September 2009),True
Jay-Z/Danger Mouse,1499,s2er,6,Silence Nogood,267,What More Can I Say,True
Electric Wire Hustle,6171,w4d2,26,Beaver on the Beats,269,They Don't Want,True
DJ Gizmo,168,w2er,1,The Animal Show,237,Keep On Till You Get Enough (Steve Miller Band vs. Michael Jackson),True
Peter Bjorn And John,6745,3m88,83,Indie Shuffle,276,Young Folks,True
Phoenix,2705,w1fs,9,Tunes I Dig,181,Everything Is Everything,True
The Hood Internet,6072,r3xt,23,popgoestheradio,198,Good Ol' Fashion Rump Shaker (Beastie Boys vs Matt & Kim),True
Kinetic Stereokids,354,tn1m,4,Obscure Sound,277,Twisted Thoughts,True
The Hood Internet,19683,rhqc,30,The Dadada Music Blog,215,Two Weeks Of Hip Hop (Dead Prez vs Grizzly Bear),True
Chromeo,1331,c53c,21,Trashbag Kids,269,Bonafied Lovin (YUKSEK remix),True
Miike Snow,4021,vz6m,19,Plain Or Pan?,221,Black & Blue,True
DJTOPCAT,706,w0s9,3,Tastes Like Caramel,230,Paper heartbeats-88bpm (master),True
KiD CuDi,4507,vfb3,6,Indie Shuffle,227,"Up, Up, And Away (The Wake And Bake Song)",True
Kid Cudi,5334,vq91,15,Sunset in the Rearview,267,Make Her Say (Sammy Bananas Remix),True
KiD CuDi,1732,veq4,2,Tympanogram,236,"G.O.O.D. Music, Soundtrack 2 My Life",True
Vampire Weekend,3368,kjm4,27,We All Want Someone To Shout For,243,Ottoman,True
Noah And The Whale,1828,mxq0,2,the OCMD,215,5 Years Time,True
Miike Snow,5275,t5nj,7,ilictronix,316,In Search Of,True
La Roux,11619,yrgg,61,THE VINYL VILLAIN,303,In For The Kill (Skream's Let's Get Ravey Remix),True
Justice,444,vm3w,2,tashed,362,Phantom Pt.2 (Freemasons Remix),True
Diplo,872,ty42,2,djnodj,368,Young Folks (Diplo Youngest Folks Remix),True
Belle & Sebastian,387,tzvn,4,Indie Rock Cafe,208,There's Too Much Love,True
Badly Drawn Boy,492,5q52,15,Music For Kids Who Can't Read Good,224,Once Around The Block,True
Julian Plenti,156,tvpf,3,The Pigeon Post,227,Only If You Run,True
The Rolling Stones,978,9726,7,Inyourspeakers Media,284,Gimme Shelter,True
Drake,7506,1a4xq,21,Totally Twitterpated,229,Little Bit (feat. Lykke Li),True
Pnau,12762,hcr9,42,Sunset in the Rearview,236,Baby (Breakbot Remix),True
Acid Girls,433,ty1e,2,the burning ear,219,Wake Up (feat. Frankmusik),True
Kings Of Convenience,558,tw2n,3,The Digital Outhouse,277,I Don't Know What I Can Save You From,True
The Supremes,282,tw6k,2,FMLY,177,where did our love go? (quarterbar redo),True
Johnny Cash,546,9rbd,6,THE VINYL VILLAIN,233,One,True
Fly Gypsy,483,vbpt,2,surviving the golden age,289,Reasons (feat. Kanye West),True
Chiddy Bang,15675,r6j7,49,SUCKA PANTS,193,Kids (Feat. MGMT),True
Obadiah Parker,1228,qbbg,9,CHROMEMUSIC,268,Hey Ya,True
Jay-Z,1408,vb36,1,earmilk,270,Already Home (feat. Kid Cudi),True
Band Of Horses,8295,bfyh,51,Chromewaves,217,No One's Gonna Love You,True
Ratatat,1415,gq27,38,JP's Blog,258,Shiller,True
Passion Pit,1803,v678,12,EARMILK,368,To Kingdom Come (Grum Vocal Mix),True
"Drake Feat. Kanye West, Lil Wayne & Eminem",2417,v81m,8,Citizen Insane,359,Forever,True
Public Enemy,3783,tjvw,4,The Music Ninja,287,He Got Game,True
Ratatat,750,p8gq,6,The ill-ec-tro-nic,597,Mirando (Animal Collective remix),True
Jay-Z,402,vaqp,2,earmilk,151,Hate f. Kanye West,True
The Phenomenal Handclap Band,1017,ry1x,19,Tympanogram,254,Baby,True
Discovery,5958,smgf,15,The Panic Manual,158,Swing Tree,True
We Were Promised Jetpacks,2779,rram,31,The New LoFi,289,It's Thunder And It's Lightning,True
The xx,3934,v434,24,Off the Radar,261,Shelter (Them Jeans Drum Edit),True
Miike Snow,523,v4va,2,the burning ear,525,Animal (Fred Falke Remix),True
The Spinto Band,975,2ywv,23,The Opening Acts,215,Oh Mandy,True
Santogold,3679,j6kn,33,the culture of me,160,I'm A Lady (Diplo Mix Ft Amanda Blank),True
Super Mash Bros.,2636,qsy1,4,Mashup of the Week Podcast,117,I Fucking Bleed Purple And Gold,True
Pony Pony Run Run,1282,rbgk,11,Faronheit,193,Hey You,True
Fever Ray,1118,p6r0,24,The 405,505,If I Had A Heart (Fuck Buttons Remix),True
Eminem,1946,q92d,9,Squeegie,278,Crack A Bottle (DiscoTech Remix),True
Arcade Fire,748,rb48,5,It All Started With Carbon Monoxide,99,Wake Up (alternate version),True
Chester French,1503,td31,11,the burning ear,354,She Loves Everybody (Pance Party Remix),True
Vampire Weekend,12824,q66h,28,Sunset in the Rearview,294,The Kids Don't Stand A Chance,True
MGMT,423,trt6,1,Rollo & Grady,252,Hot Love Drama,True
Of Montreal,2466,ec8e,21,Music From Go to Whoa,231,Jimmy,True
Santigold,1244,trz4,5,Et Musique Pour Tous,112,I'm a Lady (Benny Blanco Remix),True
The Bloody Beetroots,3782,t624,21,redthreat,153,4.AWESOME FEAT THE COOL KIDS,True
Alex Metric,307,t9ww,5,funkism,282,Shirley You Can't Be Serious,True
MSTRKRFT feat. John Legend,11593,t97p,4,All Things Go,390,Heartbreaker (Wolfgang Gartner remix),True
Madvillain,1703,t9w2,14,Indie Shuffle,166,Money Folder (Four Tet Remix),True
Fleet Foxes,218,mswq,4,Misspeak Music,275,Mykonos,True
Discovery,5109,rknb,40,music islands,242,Osaka Loop Line,True
Passion Pit,4880,qxfq,62,The New LoFi,288,The Reeling,True
N.A.S.A.,6057,14zc9,19,Audio Muffin,219,"Gifted feat. Kanye West, Santogold & Lykke Li",True
Kings Of Leon,3378,jgex,45,indie rocker revolution,204,Sex On Fire,True
Dan The Automator,525,t6f6,6,Sundtrak,311,Rapper's Delight (Van She Tech remix),True
La Roux,357,t6a3,10,D SQUARED,333,Bulletproof (Larry Tee & Alexander Technique Blogula Remix),True
Deadmau5 vs 2livecrew,397,tg8y,3,Schitz Popinov,315,Moar Face (O-GOD edit),True
Ellie Goulding,16574,wqxb,32,The Music Ninja,199,Sleepyhead (feat. Starsmith) (Passion Pit Cover),True
Matt & Kim,12779,mqap,84,Noonday Tune,171,Daylight,True
Atlas Sound,655,texx,17,djnodj,239,Walkabout,True
Lou Reed,3368,5fwm,17,J(am) of the Day,253,Walk On The Wild Side,True
M83,3464,1cjz9,22,Indie Shuffle,303,We Own The Sky,True
Kings Of Convenience,1196,tefc,13,Pigeons and Planes,176,Mrs. Cold,True
Sufjan Stevens,4101,34d8,63,T S U R U R A D I O,363,Chicago,True
Boys Noize,3669,scx3,20,Salacious Sound,255,Jeffer,True
MSTRKRFT,12417,syn4,10,Indie Shuffle,194,Heartbreaker (feat. John Legend),True
The Verve Vs. Jay-Z,8589,w7mw,12,A Pocket Full Of Seeds,304,Brush Your Bitter Sweet Shoulders Off,True
Jay-Z & Beanie Sigel,2614,rhs4,5,djnodj,229,Glock Nines (Ratatat Remix),True
Phoenix,2098,s486,27,The Indie Music Database,242,Lisztomania,True
Deadmau5 & Kaskade,7982,rh43,18,ilictronix,335,I Remember (Radio Edit),True
MGMT,251,tb9n,1,The 405,225,Destrokk,True
French Horn Rebellion,1259,sh97,10,POSTMUSIC,286,Beaches and Friends (Hey Champ Remix),True
The Heavy,597,t7pw,7,omgdelicious!,184,Sixteen,True
Mylo,1399,gzpz,7,amix music,424,Paris Four Hundred (Etienne De Crécy Remix),True
Yael Naim,3709,c26m,16,Bridging The Verse,225,New soul,True
Kid Cudi,4893,qe9q,19,Hejven,281,Dat New New (VIKING Remix),True
Regina Spektor,115,t9ws,1,WeHeartMusic,214,Blue Lips,True
The Drums,8106,stqx,123,Austin Town Hall,176,Let's Go Surfing,True
Passion Pit,8636,rkfh,66,Indie Shuffle,239,Little Secrets,True
Michael Jackson,424,t6pv,1,Berkeley Place,241,Justice For Billie Jean (justice vs. michael jackson) DJ Schmolli,True
Michael Jackson & Cookin' Soul,598,symq,1,Kickin' The Peanuts,182,I Want You Back feat. Lil Wayne,True
Two Door Cinema Club,1317,r4gh,12,The Pop Cop,167,"Hands Off My Cash, Monty",True
Wale,5828,t8q4,7,The Music Ninja,211,New Soul Feat. Yael Naim,True
3oh!3 feat. KiD CuDi (Benny Blanco),849,t6xv,1,White Folks Get Crunk,197,Don't Trust Me (Remix) (Dirty),True
Vampire Weekend,9128,mtkg,49,Dancing Astronaut,278,The Kids Don't Stand A Chance (Chromeo Remix),True
Delorean,2235,ssda,32,All Things Go,279,Deli,True
Grizzly Bear,9368,qp9f,118,said the gramophone,243,Two Weeks,True
Santigold,847,sg2z,5,JayeL Audio Music,174,You'll Find A Way Player (feat. Andre 3000 & Bun B),True
The Kills,1553,je9g,20,Friends by Far,352,Cheap and Cheerful (SebastiAn Remix),True
The Knux,222,eq50,8,katarokkar,240,Cappuccino,True
Smashing Pumpkins,159,sqdg,1,Penned Madness,364,5B - 1979 (GlowTape!'s 2009 Remix),True
The Flaming Lips,398,emqs,10,JP's Blog,399,Bohemian Rhapsody (Queen Cover),True
The Gossip,180,sqnx,1,Mola Super Poco,256,For Keeps,True
Kings Of Leon vs Chew Fu,952,sqqv,1,White Folks Get Crunk,337,Use Somebody (CHEW FU Festival Fix),True
Bloody Beetroots,128,spgz,1,KEEPREAL,317,Warp (Blaze Tripp Remix),True
E-603,1222,sr4g,1,The Animal Show,248,Hey Shorty,True
Super Mash Bros.,4683,syn9,1,FMLY,192,Livin The Dream (I'm On A Float),True
Kid Cudi vs. The Postal Service,3862,10tpe,2,Muzjiks,275,Man On the Moon (Such Great Heights RMX),True
Wale,441,ssza,2,Berkeley Place,309,15 Rather Be With You (Vagina Is For Lovers) f. J Cole & Currensy (prod 9th Wonder),True
White Lies,1718,jtsc,33,Indie Today,287,Death (Crystal Castles Remix),True
Röyksopp,3082,pdpr,28,JP's Blog,163,Happy Up Here,True
Matt & Kim,757,ssy8,2,musical pairings @ eating/sf,227,Yeah Yeah (Flosstradamus Remix),True
Lights On,480,kt7a,6,5 Acts,261,John And Anne,True
The Knocks,775,skyq,10,Cities of the Plain,279,Can't Shake Your Love,True
Passion Pit,2318,rtw7,7,melophobe,212,Let Your Love Grow Tall,True
Florence + The Machine,10670,t5hf,27,Friends From Far,256,Cosmic Love,True
Ra Ra Riot,2251,pg78,16,Berkeley Place,335,Ghost Under Rocks (Passion Pit Mix),True
CJ Milli,88,ssqz,1,the burning ear,252,The People's Homecoming (Kanye,True
Discovery,3649,sqpk,40,Indieball,193,So Insane,True
Daft Punk,1616,smtq,6,earmilk,322,Face to Face (Night Drugs Rework),True
Bedroom Walls,40,sps5,1,Knox Road,138,Somewhere In Newhall,True
Sharam ft. KiD CuDi,216,srm4,5,Welikeit.indie,496,She Came Along (Reup Club),True
Violent Femmes,2626,1faj,34,THE VINYL VILLAIN,145,Blister in the Sun,True
Lemon Jelly,169,sqjv,1,Blog Rockin' Peet,439,His Majesty King Raam,True
Saxon Shore,78,sq3a,2,Happy Days Are Here Again,396,Nothing Changes,True
Royksopp,505,ptrz,11,Mp3 Medication,328,Happy Up Here (Datassette Remix),True
E-603,537,sr4e,4,The Animal Show,320,If You Wanna,True
Phoenix,5525,rp9h,51,deepbeep,305,Lisztomania (Classixx Version),True
Holy Fuck,1060,b6t2,45,djnodj,269,Lovely Allen,True
Tatsu,76,spja,1,We can be honest,294,Semilla,True
Lupe Fiasco Feat. Matthew Santos,1291,sq55,1,Pigeons and Planes,275,Shining Down,True
Noisettes,3618,vdqj,15,Across The Kitchen Table,192,Never Forget You,True
Metric,16196,1bp6,61,earmilk,320,Monster Hospital (MSTRKRFT Remix),True
Phoenix,235,sphq,3,Harder Blogger Faster,210,Lisztomania (Star Guitar Remix),True
Tatsu,106,spj8,1,We can be honest,147,Our House (prod HERBIE WEST),True
Generationals,6344,sk35,59,Austin Town Hall,200,"When They Fight, They Fight",True
Frankmusik,1300,s8px,15,JayeL Audio Music,304,Confusion Girl (Don Diablo loves to slowdance remix),True
"Alphabeat, FrankMusik and Leon Jean-Marie",3380,hptp,20,Friends by Far,185,Digital Love,True
Discovery,1137,smrx,12,This Bonus Track,187,Carby (Feat. Ezra Koenig of Vampire Weekend),True
Phoenix,4256,be6z,16,JP's Blog,108,Playground Love (Air Cover),True
Frankmusik,671,n5pa,6,JayeL Audio Music,166,3 Little Words,True
