artist,dateposted,loved_count,mediaid,posted_count,sitename,time,title,tag
Good Weather For An Airstrike,1436859896,3,2ca1z,1,Happy Days Are Here Again,562,EIO (With Inachus),instrumental
Superpoze,1436858476,2,2ca1r,1,SERIALGK,265,Overseas (Sekuoia Rework),instrumental
Möthersky,1436856142,4,2ca1g,1,Gold Flake Paint,418,Let Go,instrumental
James Blackshaw,1436856149,2,2ca1h,1,beehype,352,Towa No Yume,instrumental
Yellowcard,1436809332,3,2c9qk,1,fyeahblackrockmusic,84,Three Flights Up,instrumental
Emancipator,1436741806,6455,2c5kv,11,acid stag,309,Eve II (ODESZA Remix),instrumental
Symfoniorkestern,1436777373,6,2c9ew,1,Que Club,189,Syndarna,instrumental
Sons Of Kemet,1436606893,9,2c915,1,Sonofmarketing,523,In Memory Of Samir Awad,instrumental
zooz,1436616846,11,2ajng,3,ShinyShinyNew,209,Surf In The Storm,instrumental
RATATAT,1436990238,4412,2c6s7,7,bear toons,378,NIGHTCLUB AMNESIA,instrumental
Ta-ku,1436982972,4536,2c7sr,11,gottadancedirty,216,Down For You feat. Alina Baraz,instrumental
John River,1436968581,24,2cazd,1,Different Kitchen,213,Get Down(Produced by FrancisGotHeat),instrumental
Emancipator,1436981826,9,2cap2,3,Break On A Cloud,241,Seven Seas feat. Madelyn Grant,instrumental
Arca,1436957774,67,2bm6a,21,Pilerats,258,Vanity,instrumental
CoryaYo,1436965217,0,2cay6,1,The 405,212,realclose.hrd4me,instrumental
Kinder,1436933263,0,2caqc,1,Happy,157,Fall Back Down,instrumental
GRiZ,1436939367,6786,2c87x,6,1833 FM,267,Summer '97 feat. Muzzy Bearr,instrumental
"Overhead, The Albatross",1436884101,0,2ca81,1,2 U I Bestow,524,Telekinetic Forest Guard (Live),instrumental
Ratatat,1436931314,6348,2bwhp,11,Poetry in an Empty Coke Can,254,Abrasive,instrumental
Vanilla,1436814030,23,2c9h6,2,One For The People,270,Little Lies,instrumental
Haiku Salut,1436477909,14,2c3ht,3,Cast the Dice,284,Hearts Not Parts,instrumental
emancipator,1436491140,20,2c8e3,1,newdust,329,Valhalla (NKLA Remix),instrumental
Ratatat,1436468416,16582,2ap7v,18,Northern Transmissions,236,Cream on Chrome,instrumental
SOS,1436470995,161,2643e,7,Never Radio,225,Dead or Alive,instrumental
Faze Miyake,1436461075,0,2c85f,1,Clash Magazine,177,Air Max 95,instrumental
Yung Gud,1436385683,121,2c2rs,2,Discobelle,170,Monster,instrumental
Mura Masa,1436394177,404,2an63,7,ilictronix,160,1. Are U There,instrumental
beatboxbandit,1436374598,9,2c7fw,1,The 405,131,nemA,instrumental
Melodiesinfonie,1436414829,11,2c7tk,1,Word Is Bond,187,Peaceya (2013),instrumental
Art Hirahara,1436556511,2,2c8vg,1,Chicago Reader,119,With Two Ice Cubes,instrumental
Paul Chin,1436561863,40,2bt2j,2,The Ripe,297,Deep Jupiter (Shigeto Remix),instrumental
Godspeed You! Black Emperor,1436546703,162,29q4r,48,No Country For New Nashville,471,Peasantry or 'Light! Inside of Light! (excerpt),instrumental
Steelism,1436551317,4,2c8t8,1,No Country For New Nashville,193,The Serge,instrumental
The Expert,1436545753,3,2c8qv,1,barrygruff,151,Swapsies,instrumental
The Expert,1436545750,20,2c8qt,1,barrygruff,150,Devine,instrumental
Daktyl,1436539076,15,2c8np,1,Waxhole,216,Cyclical (Saturn Remix) (feat. SPZRKT),instrumental
Lazlo Hollyfeld,1436542550,3,2c8ps,1,buffaBLOG,372,U.S. Deathsquads In Colombia,instrumental
Emancipator,1436491003,82,1tb9t,2,newdust,307,Valhalla,instrumental
PhaseOne,1436510530,6,2c8fr,1,Pilerats,240,Rot (Northlane),instrumental
Chase N. Cashe,1436471770,5,2c89r,1,nah right,214,Talkin' Shit,instrumental
purpan.,1436186989,7,2c620,1,GRANDGOOD,131,never.find.our.way_,instrumental
Caspian,1436191279,17,2c34s,5,Side One Track One,267,Sad Heart Of Mine,instrumental
Bahwee,1436036170,39,1mj94,2,House of Lords,242,Hard To Win,instrumental
Žiga Murko,1436182107,5,2c60x,1,GRANDGOOD,118,Joys of Movement f. Jalal Salaam,instrumental
TIO,1435947288,12,2c5dp,1,UNCANNY,271,Day Fort (TIO REMIX),instrumental
DJ HARRISON,1435842533,0,2c4p3,1,Richmond Playlist,154,PedalDrumz,instrumental
Broken Keys,1435946192,2,2c5d9,1,Consequence of Sound,286,Power Forward,instrumental
TOO MANY ZOOZ,1435779841,15,2c4ct,1,Kaptin's Blog,158,Double Text,instrumental
Daniel Crawford,1435787355,16,2c4fh,1,A Grumpy Old Man With A Beard,224,8. Electric Felaxation,instrumental
Emancipator,1436372088,29,2c7f2,1,Indie Shuffle,321,Afterglow (Little People Remix),instrumental
Karl Verkade,1436378000,1,2c7hb,1,Niche Music,388,But Not to Last,instrumental
Julie Slick,1436360253,4,2c7bf,1,Burl Veneer's Music Tumblr,317,the drift,instrumental
Barbatuques,1436366137,21,2c7d6,1,Waxhole,253,Baiana (CloZee Remix),instrumental
Jaga Jazzist,1436293532,1178,2avc0,20,Indie UK,589,Oban (Todd Terje Remix),instrumental
Onra,1436345347,55,1mt7w,5,Winnie Cooper,232,V.B.B. feat. Amalia and Jay Kin,instrumental
Mogwai,1436286923,2359,204h6,57,The 405,385,Remurdered,instrumental
Hauschka,1436296880,6,2c6y6,1,Consequence of Sound,496,Stromness (Eluvium Remix),instrumental
Mounika.,1436265747,17,2c6jk,1,ALIAT,162,Marie Laforet I (Tu Fais Semblant),instrumental
LA MAR,1436279321,56,2c3y5,5,Waxhole,193,Trick Of The Light,instrumental
Jaga Jazzist,1435998066,86,2aehr,18,Louder Than War,527,'Starfire',instrumental
dil withers,1435605665,3,2c37a,1,Tiny Mix Tapes,121,+,instrumental
dil withers,1435605690,5,2c37c,1,Tiny Mix Tapes,123,So.,instrumental
radius,1435582890,6,2c30s,1,GRANDGOOD,173,Two Of A Kind (FFU compilation),instrumental
dil withers,1435605699,4,2c37e,1,Tiny Mix Tapes,170,não,instrumental
Tom Misch,1435573802,3137,2bwsx,17,HUNGRY DRUMS,218,Sunshine,instrumental
Remember Remember,1435496826,6,2c2n2,1,ravechild,575,Ocean Potion,instrumental
Bird Peterson,1435565793,2,2c2w3,1,Ovrld,306,Sugarface feat. Astronautalis,instrumental
Erik Enocksson,1435419735,0,2c2f3,1,Ants in My Trance,239,'III',instrumental
DB,1435498098,13,2c2n7,1,Free Breaks Blog,364,DB - You Use To Hold Me (DB's Breaking the Lab Rmx) - Urban Sprawl,instrumental
Superpoze,1435796470,22,2ajct,2,Last Gas Station,236,Overseas,instrumental
TEK.LUN,1435764942,19,2c46p,1,Silence Nogood,246,Bikini,instrumental
Ta-Ku,1435728916,23,2c40f,1,Teenage Ears,129,Long Time No See (bklv edit),instrumental
Laura Cannell,1435772952,4,2c4a6,1,The Autumn Roses,382,Cathedral Of The Marshes,instrumental
In Each Hand A Cutlass,1435675056,1,2c3hy,1,Heavy Blog Is Heavy,349,Satori 101,instrumental
Rel,1435707728,4,2c3wz,1,Fake Shore Drive,213,Rel-Can't Be Friends Prod. by RMB Justize,instrumental
Michael Rother,1435612904,2,2c39m,1,Ambiance Jeune,280,Silberstreif,instrumental
mt. marcy,1435618602,13,2c3aq,1,GRANDGOOD,131,Sonder,instrumental
dil withers,1435605695,5,2c37d,1,Tiny Mix Tapes,75,-,instrumental
Lubec,1435607768,6,2c383,1,Don't Need No Melody,243,"Many Worlds"" (7"" Preview)",instrumental
Wayne Shorter,1435577394,4,2c2yy,1,The Jazz Record,373,Tom Thumb,instrumental
Jean-Michel Jarre,1435155855,11,2b9qk,6,Punch Magazine,127,Watching You (Original preview),instrumental
Jean-Michel Jarre,1435155862,16,2azcx,6,Punch Magazine,85,CONQUISTADOR (Album Version) preview,instrumental
Dmitry Glushenko,1435152935,4,182eh,2,Avant-Avant,44,Peeling Paint & Morning Dew,instrumental
Jean-Michel Jarre,1435155858,24,2b9qj,7,Punch Magazine,179,Zero Gravity album version preview,instrumental
noah rime$,1435062916,13,2c02x,1,The 405,126,noah rimes x n2deep,instrumental
El Ten Eleven,1435016182,80,2bw23,2,Yagotamullet's Song of the Day,203,Point Breeze,instrumental
KUTMAH,1435037290,0,2bzya,1,SEMPLESIZE,218,BLKMYTH 2 (DEMO),instrumental
36,1435008626,5,2bztg,1,A Strangely Isolated Place,824,Void Dance (Album Preview),instrumental
Mura Masa,1435006214,5740,2an64,17,Unrecorded,228,2. Firefly (feat. Nao),instrumental
Hudson Mohawke,1435293315,27,2c1we,1,Winnie Cooper,198,Very First Breathe (JOLIN RAS RMX),instrumental
Lazy Salon,1435349242,3,2c29k,1,Magnet Magazine,366,Rai,instrumental
Bullion,1435273681,15,2bxag,3,acid stag,207,Pull Your Rug Away,instrumental
Peter Baumann,1435284879,0,2c1w0,1,Ambiance Jeune,220,"Repeat, Repeat",instrumental
Errors,1435225776,2,2c1bj,1,Clash Magazine,453,Genuflection (Factory Floor Remix),instrumental
wun two,1435226415,50,2c1bn,1,Word Is Bond,859,pássaro,instrumental
Maïak,1435173450,2,2c11j,1,Heavy Blog Is Heavy,672,"I Am Not a Man, I Am a Free Number",instrumental
Hudson Mohawke,1435175005,1203,2apmb,26,House of Lords,198,RYDERZ (RINSE FM RIP),instrumental
Phone Home,1435161092,22,2bq74,7,Deadly Music!,191,Funhouse,instrumental
SWARVY,1435163461,14,2c0xr,1,The 405,133,B*tch (Stunts Outtakes),instrumental
purpan.,1435093641,26,2byfj,2,Abduction Radiation,147,at.the.hotel.,instrumental
GDNA,1434727379,32,2bxca,3,The Smoking Section,155,GDNA & Frank Leone: Rapture f. Donnie Trumpet & Akenya,instrumental
TEK.LUN,1434757327,47,2byvq,1,House of Lords,194,Live Out Your Life,instrumental
constrobuz,1434635777,2,2bxv9,1,The 405,158,Stbb 432,instrumental
TEK.LUN,1434725523,20,2byja,1,House of Lords,133,Plum W Drew,instrumental
MIKE GAO,1434582429,17,2bxjq,1,Winnie Cooper,137,Shifty (Anderson Paak x Doja Cat),instrumental
Daktyl,1434562751,30,2bxbe,1,Maddecent,207,Stay (Machinedrum Remix) (feat. Dive Deep),instrumental
Knxwledge,1434577408,11,2bxhs,1,Molars,77,stilluhme,instrumental
Moby,1434478467,23,2bwpt,1,ilictronix,288,Inside,instrumental
Sannhet,1434990178,15,299tc,6,the bay bridged,242,Revisionist,instrumental
birocratic,1435013350,22,2bzvf,1,Abduction Radiation,144,"sombre, green",instrumental
Sh?m,1434986902,29,2bzh9,2,First Ear,280,Unreciprocated Feelings (feat. DIVERSA),instrumental
Made in M,1434989844,10,2bzjh,1,The 405,156,rsnz☥ & made in m / bullshit,instrumental
Nils Frahm,1434950895,116,1s77b,4,Stereofox,189,You,instrumental
This Will Destroy You,1434950920,26,1syh7,2,Stereofox,553,A Three-Legged Workhorse,instrumental
Ta-ku,1434853267,6522,2axzf,41,Casual Band Blogger,316,Love Again feat. JMSN & Sango,instrumental
Eric Vann,1434912982,1,2bz8b,1,Ants in My Trance,143,Bubble Snail,instrumental
Ta-ku,1434775762,428,2bxkt,5,Okayplayer,265,Long Time No See feat. Atu (Ekali Remix),instrumental
Kinski,1434795252,4,2byy2,1,SONIC MASALA,720,Bulletin Of The International String Figure Association,instrumental
Frames,1434593231,2,2bxmy,1,Pilerats,331,What U Say,instrumental
Hudson Mohawke,1434396919,2965,2aabm,50,Inyourspeakers Media,184,Very First Breath (feat. Irfane),instrumental
+ma,1434409625,10,2bw96,1,Abduction Radiation,83,thes3,instrumental
Dinner,1434316866,51,26dd2,10,PIONEARS,240,Going Out,instrumental
Evil Twin,1434381480,4,2bw0x,1,XLR8R,275,Incenso Pt II,instrumental
Ta-ku,1434290829,43,2bvm5,1,SongTreat,170,Hopeful,instrumental
Flying Lotus,1434275897,9,2bvjn,1,Beaver on the Beats,115,Tesla,instrumental
Herbie Hancock,1434275891,21,2bvjm,1,Beaver on the Beats,395,Watermelon Man,instrumental
Chuck Inglish,1434126495,84,2bs3w,5,The Passion of the Weiss,210,2003 (feat. Grey Sweatpants),instrumental
Clem Beat'z,1434195734,64,2b2ht,2,Radio Chantier,267,Being Free (feat. Kooley High),instrumental
Ras G,1434470521,2,2bwk6,1,The Ransom Note ,187,Black Daffi`s Revenge (feat. Jeremiah Jae),instrumental
Ratatat,1434475743,9367,138gs,12,Inyourspeakers Media,295,Drugs,instrumental
LAKIM,1434453249,18,2bwe8,1,Cool Breezy,132,WishYouLove,instrumental
NiklāvZ,1434471259,12,2bwk8,1,robot dance music,252,White Noise(Vocals By MNEK),instrumental
Dragon Rapide,1434436629,3,2bwc4,1,das klienicum,148,Sucker Punch,instrumental
Message To Bears,1434440946,22,2bvcb,2,Happy Days Are Here Again,280,Love More (Sharon Van Etten cover),instrumental
Hackman,1434417679,13,2bwab,1,When We Dip,415,Semibreves (Epiphylogentically Enumerated Reset By KiNK),instrumental
Dragon Rapide,1434436676,3,2bwc5,1,das klienicum,204,Spinning Top,instrumental
Ol' Burger Beats,1434400119,19,2bw6x,1,Okayplayer,186,"3D Cypher (Remix Feat. Illa J, Frank Nitt and Marv Won)",instrumental
Tall Black Guy,1434401581,122,235c9,6,A Grumpy Old Man With A Beard,254,Sade's Taboo(Sweetest Taboo Blap-Up) 83bpm,instrumental
Stereodyssey,1434282969,12,2bvk2,1,Sound Injections,314,Blissful Thinking,instrumental
Clean Bandit,1433869246,6107,282sa,10,JayeL Audio Music,222,Stronger,instrumental
ASHA,1433886598,1657,2bdja,8,When The Gramophone Rings,226,WE CAN DO THIS,instrumental
Liquid Idiot,1433770930,0,2br84,1,Burl Veneer's Music Tumblr,124,Hollow Baton,instrumental
Michael Hix,1433780557,4,2brbk,1,Exclaim!,464,II,instrumental
Anton Karas,1433757630,8,2br56,1,The 'Spill,128,Harry Lime theme,instrumental
Lowercase Noises,1433594346,13,2bqq0,1,NetMusic Life,351,Almost So Clear,instrumental
mura masa,1433756526,2063,26xcm,15,Pilerats,146,Lotus Eater,instrumental
GIANTS,1433502103,31,2bmj1,4,The Revue,226,Falling feat. Wølffe,instrumental
Cholombian,1433509261,5,2bq7p,1,The 405,228,Nova,instrumental
Hudson Mohawke,1434105439,35,2btvk,1,Jump Into Limbo,162,Very First Breath (feat. Irfane) (LTMR Remix),instrumental
I am waiting for you last summer,1434106704,9,2btvy,1,One Age,221,Equal Among The Best (feat. Aurora),instrumental
Egon,1434057300,8,2btme,1,The Walk to Work,282,Childhood (Original Version),instrumental
Godspeed You! Black Emperor,1434067265,3,2btqe,1,Swan Fungus,373,"Asunder, Sweet",instrumental
Kinski,1434006477,4,2bt3d,1,das klienicum,216,Flight Risk,instrumental
TEK.LUN,1434037839,35,2bp5s,2,blahblahblahscience,229,G-Spot,instrumental
Igor Khabarov,1433928142,15,2bscy,1,das klienicum,302,Rise,instrumental
beatmachinearon,1433948209,16,2bsk3,1,Silence Nogood,192,lucy liu,instrumental
Ramin Djawadi,1433902028,86,2bqe9,4,THUMP,273,Game Of Thrones Theme (Armin van Buuren Remix) (ASOT716),instrumental
EeMu,1433933345,15,2bsed,1,Word Is Bond,126,Ahh,instrumental
I Will Kill Chita,1433759027,2,2br5b,1,Mouser,365,The Music Will Play In Your House But You Won't Hear It,instrumental
John Carpenter,1433452941,1,2bpx4,1,Ambiance Jeune,215,The Duke Arrives / The Barricade,instrumental
Moon Hooch,1433354464,10,2bp17,1,Burl Veneer's Music Tumblr,231,Something Else!,instrumental
malik abdul rahmaan,1433283330,13,2bnhs,1,GRANDGOOD,134,P E A R S,instrumental
Stelvio Cipriani,1433452921,1,2bpx3,1,Ambiance Jeune,73,Nella Stanza Di Lei,instrumental
Ta-Ku,1433250066,43,2bn56,1,Stereofox,236,Long Time No See (Omari MC Remix),instrumental
Fresh Snow,1433199480,1,2bmwb,1,BrooklynVegan,228,Your Thirst For Magic Has Been Quenched By Making Death Haste,instrumental
Fresh Snow,1433199515,2,2bmwf,1,BrooklynVegan,307,Mony Mony,instrumental
Hudson Mohawke,1433176261,17,2bmjc,2,The 405,230,Resistance feat Jhené Aiko,instrumental
TEK.LUN,1433193676,24,2bk5r,2,Audio Aquarium,309,Echoes,instrumental
Taka Perry,1433464943,9,2bq06,1,acid stag,282,Adventures,instrumental
Hudson Mohawke,1433524452,118,26ty0,15,Inyourspeakers Media,137,Brainwave,instrumental
Custodian of Records,1433429796,5,2bpg4,1,GRANDGOOD,135,Walt Sicknin' Philly Wreckin' Stuff (TCOR Mix),instrumental
KOPECKY,1433440654,8,2bpnk,1,MusikBlog,241,My Love,instrumental
Tom Misch,1433422883,4298,2bnq7,4,Indie Shuffle,267,Home,instrumental
MIKE GAO,1433428270,7,2bpft,1,Le Limonadier,192,Ramen Hotline (Goyama x eLan x Elaquent x MG)for Ramens,instrumental
Nils Frahm,1433360626,48,2aqe8,3,ravechild,254,Some,instrumental
Kaleo,1433374103,29,2bp81,1,No Country For New Nashville,331,I Can't Go On Without You,instrumental
Tom Misch,1433397610,148,2bj91,3,Stereofox,163,Hark (feat. Alfa Mist),instrumental
Kiasmos,1433360596,37,2bjvm,2,Errant,378,Looped,instrumental
Ratatat,1433261915,11178,1arw8,5,surviving the golden age,162,One,instrumental
Dany F,1432910989,19,2bcrm,3,NNM,378,Magia - Cómeme,instrumental
arca,1432919729,52,2bgk1,24,Ants in My Trance,192,Washed Clean,instrumental
Hior Chronik,1432876030,12,2ba45,2,A Strangely Isolated Place,256,Simple is beautiful with Field Rotation,instrumental
Somepling,1432910534,17,2bjhc,2,music is art,206,ArauKaria,instrumental
Mura Masa,1432806553,2415,28419,10,Data Transmission,230,i'll be alright (tonight),instrumental
Senpai,1432761279,2,2bjba,1,Don't Need No Melody,159,Mind Honey,instrumental
Senpai,1432761333,4,2bjbb,1,Don't Need No Melody,219,Hell In My Head,instrumental
Nightmares On Wax,1432746433,226,16jgv,3,ilictronix,420,Passion,instrumental
Massive Attack,1432746443,272,16jgx,5,ilictronix,300,Weather Storm,instrumental
Angelo Badalamenti,1433125305,1,2bm8y,1,Ants in My Trance,174,Falling (Twin Peaks Theme) (May Roosevelt Cover),instrumental
Hior Chronik,1433148558,6,2bk68,2,Sonofmarketing,241,Nest Of Autumn with Sophie Hutchings,instrumental
Musette,1433120249,4,2a60v,2,a closer listen,408,Apocalypso,instrumental
John Metcalfe,1433120259,350,2ady7,3,a closer listen,271,"Gold, Green",instrumental
KOPECKY,1433092126,81,2b6kw,3,Indie Shuffle,175,Talk To Me,instrumental
gabonano,1433100066,8,2bm5h,1,The MOCD,126,cool lamp shade dood,instrumental
Mamiffer,1433039391,9,2bkzv,1,This Is That Song,400,Mercy,instrumental
Russian Circles,1433055627,126,vccg,11,das klienicum,283,Malko,instrumental
Tempel,1432937096,0,2bkpc,1,No Clean Singing,740,Descending into the Labyrinth,instrumental
The End of the Ocean,1432944230,28,1nh0t,2,Crenellation,320,On Floating,instrumental
TIO,1432822046,11,2bgye,5,"Quick, Before It Melts.",314,Day Fort,instrumental
Hudson Mohawke,1432246922,171,2b92a,11,BrooklynVegan,278,Very First Breath (feat. Irfane) (Boys Noize Turbine Mix),instrumental
Ferrante & Teicher,1432300029,13,14cje,2,Avant-Avant,175,Exodus,instrumental
Paul Hares,1432272488,9,2bfm8,1,Tiny Mix Tapes,842,th lp fm hpp nd,instrumental
CON BRIO,1432242867,11,2bfbf,2,Tontaucher,243,Give It All,instrumental
Giles Lamb,1432229351,7,2bf9d,1,Deadly Music!,84,Interlude 1,instrumental
Black Dice,1432147806,2,2bemb,1,Molars,104,Cloud Pleaser,instrumental
Sungod,1432218072,7,27cwx,4,Austin Town Hall,443,Shiftless en Nkawkaw,instrumental
Klassik,1432092965,12,2bdnh,2,1833 FM,359,HI KLASS,instrumental
NLF3,1432121711,14,26psg,2,Shadazz ,265,Pink Renaissance,instrumental
Lowercase Noises,1432717042,4,2bhw9,1,Happy Days Are Here Again,287,The First Wink of Dawn,instrumental
The Seatbelts,1432746451,16,2bj50,1,ilictronix,265,Fingers,instrumental
Four Tet,1432660100,2830,28awj,22,tsugi,227,Parallel Jalebi (Hudson Mohawke RMX),instrumental
Melodiesinfonie,1432675315,16,2bhny,1,Tontaucher,301,Breitgefächertsein,instrumental
Ancient Mariner,1432644182,4,2bh8w,1,Don't Need No Melody,217,Deep Space,instrumental
TEK.LUN,1432652322,26,2bhbj,1,Silence Nogood,178,Early 90's Nostalgia (All That),instrumental
Guantanamo Baywatch,1432632492,9,2bh62,1,Still in Rock,146,Raunch Stomp,instrumental
rxn,1432679312,15,2bhq9,1,Word Is Bond,153,waves,instrumental
Michna,1432327339,6,2bg3j,1,Maddecent,201,Ice Stripe,instrumental
Knxwledge,1432611330,65,2aw54,8,art felicis,117,Jstowee,instrumental
Basil Poledouris,1432229982,2,2bfa3,1,Exclaim!,67,Drive Montage (from ROBOCOP ost),instrumental
Anoice,1431952947,3,2bcp0,1,SongTreat,186,a wind from the sea,instrumental
Yaroslav,1431956191,60,2449f,3,Delicieuse Musique,240,Ghost,instrumental
Lone,1431883709,55,2bc4z,2,Indie Shuffle,219,Track 6,instrumental
Stereodyssey,1431941374,5,2bc7y,2,Going Solo,364,Anomalies,instrumental
Nils Frahm,1431870551,3742,1zdnd,36,Sodwee,498,Says,instrumental
Walter Murphy,1431844960,141,2bc8a,1,Your Music Radar,245,A Fifth Of Beethoven - (Soulwax Edit),instrumental
Side B,1431856566,2,2bc8y,1,COMO LAS GRECAS,181,It's You (The Drifter Remix) (Snippet),instrumental
Vanilla,1431804073,386,1sg4b,6,Delicieuse Musique,183,This Time,instrumental
Kuroma,1431805758,26,297ef,4,We All Want Someone To Shout For,209,Love Is On The Way,instrumental
A Sudden Burst Of Colour,1432077326,12,2be46,1,When You Motor Away,389,Ocean Floor,instrumental
Dick Dale,1432079780,14,2be4g,1,diddy wah,104,Night Rider,instrumental
Welder,1432026449,96,1dxt7,8,Indie Shuffle,227,Run,instrumental
Ratatat,1432043892,72,2bdkm,1,Inyourspeakers Media,245,"Cream On Chrome (Live from Coachella, April 11, 2015)",instrumental
Ben Woods,1432017440,10,2bdda,1,A Strangely Isolated Place,440,Fond of You,instrumental
John Metcalfe,1432024964,29,2azr4,6,Fluid Radio,277,Just Let Go (feat. Natasha Khan),instrumental
Jean-Michel Jarre,1431992554,5,2baxg,2,Harder Blogger Faster,153,Watching You (Jarre reworked version preview),instrumental
La Mar,1432010126,128,27gfx,8,Ladywood ,286,Anchor,instrumental
Jean-Michel Jarre,1431992542,14,2baxe,3,Harder Blogger Faster,144,Watching You (Extended 3D mix preview),instrumental
Jean-Michel Jarre,1431992558,11,2bd97,1,Harder Blogger Faster,128,Zero Gravity (Above & Beyond remix preview),instrumental
Mura Masa,1431885398,150,2bcc5,1,The Smoking Section,247,When U Need Me feat. Peter $un (Remix),instrumental
Antethic,1431585883,4,2barh,1,One Age,402,New Terrain (Mew cover feat. Emilia Bahamonde),instrumental
OGNIVO,1431590953,2,2basf,1,One Age,317,Привет Пока,instrumental
SertOne,1431532599,59,29w3f,8,barrygruff,206,Lost + Found (feat. Maribelle),instrumental
Sacri Cuori,1431599414,11,2a94n,2,Sonofmarketing,250,Delone,instrumental
PERHAPSY,1431522025,2,2ba5t,1,ALIAT,215,"O, Su Yung",instrumental
Gamardah Fungus,1431504955,2,2ba27,1,Sonofmarketing,401,Also Sprach Zarathustra,instrumental
Broke for Free,1431522053,149,2aqy5,6,ALIAT,275,Naked As We Came (Broke For Free Remix),instrumental
Weather Report,1431486515,1,2b9zj,1,Ants in My Trance,346,Scarlet Woman,instrumental
China Crisis,1431486489,1,2b9ze,1,Ants in My Trance,115,Jean Walks In Fresh Fields,instrumental
Lone,1431790091,6,2bc4x,1,FACT,191,TWILIGHT GROANS (2008),instrumental
Lone,1431790087,5,2bc4w,1,FACT,227,RAINBOW JUMPER (2008),instrumental
ALISON WONDERLAND,1431723400,1832,2b8xq,6,Waxhole,229,RUN (Jayceeoh & B-Sides Remix),instrumental
Lone,1431790094,12,2bc4y,1,FACT,203,Track 4,instrumental
Mura Masa,1431697891,64,2ana6,4,TheWebTape,107,4. your bones (intermission),instrumental
Varien,1431724888,12,2bbz7,1,Inyourspeakers Media,230,Aether And Light,instrumental
And So I Watch You From Afar,1431613705,23,2arh4,9,The Vinyl District,252,Redesigned a Million Times,instrumental
Dead Horse Beats,1431628163,16,2bb5k,1,Future Classics,189,Dead Horse Beats - Black Sabbath (RAWCUT021),instrumental
I Will Kill Chita,1431590945,3,2base,1,One Age,400,Alles Unter Kontrolle,instrumental
Spoilers,1431597746,6,2b0j2,3,50thirdand3rd,287,try try try (mastered),instrumental
SertOne,1431532594,5,2ba9r,1,barrygruff,334,Seventeen,instrumental
Onra,1431304926,45,2av7e,5,House of Lords,200,So Long (feat. Chuck Inglish),instrumental
Nils Frahm,1431315315,6,2b8fa,1,MeFi Music,193,Walls (Jhbl Remix),instrumental
And So I Watch You From Afar,1431193749,8,29aec,8,Nothing but hope and passion,170,Run Home,instrumental
Gorillaz,1431280868,27,2b8c7,1,ilictronix,287,Double Bass,instrumental
Naughty Professor,1431125443,15,2b7yf,1,Burl Veneer's Music Tumblr,348,It'll Happen,instrumental
Grandbrothers,1431082365,36,2a6tj,3,Stamp The Wax,319,Rotor,instrumental
Portland Cello Project,1431097036,11,2b7na,1,Side One Track One,160,Between the Bars / cover Elliott Smith,instrumental
Chase N. Cashe,1431040486,9,2b6wk,2,Boi-1da,250,Do It Big Baby,instrumental
Arca,1431070599,49,29y2d,8,Indie Shuffle,116,Sad Bitch,instrumental
Blazo,1431448309,22,2b9h1,1,music is art,184,Calm Grey,instrumental
David Bowie,1431486471,6,2b9zc,1,Ants in My Trance,342,Subterraneans,instrumental
Après,1431429731,5,2b993,1,Data Transmission,334,Chicago (Club Edit)(SubSoul),instrumental
Jungle,1431445880,61,2b9f7,1,Winnie Cooper,174,Drops,instrumental
MURA MASA,1431382891,1068,208ez,7,Abduction Radiation,152,Tough On You,instrumental
Stan Forebee,1431413811,20,2b963,1,ACIDTED,181,Flying Lotus - Siren Song (Stan Forebee remix),instrumental
Rebel One,1431340506,2,2b8jk,1,When We Dip,472,On My Own (dubspeeka Remix)(Stripped Digital),instrumental
Hudson Mohawke,1431353645,148,2b72x,3,Dancing Astronaut,230,Very First Breath feat. Irfane (StéLouse Remix),instrumental
Siinai,1431336506,7,2b55z,3,Sonofmarketing,679,Ananda,instrumental
Archipelago,1431354908,1,2b8p0,1,Q Magazine,196,Any Other City Records,instrumental
Suff Daddy,1431186992,163,29k3c,3,House of Lords,278,Suff Gucci (Mane Remix),instrumental
St Germain,1430932362,56,28178,2,ALIAT,440,Deep In It,instrumental
dné,1430941024,13,2b67y,1,yvynyl,186,Driving a Car While Listening to Bill Burr's Podcast,instrumental
Iamnobodi,1430930842,50,2b2jn,2,Stereofox,266,Morning Meditation,instrumental
BEAT MARKET,1430931135,48,2ax7f,3,Vocododo,260,Sun Machine,instrumental
Dibigode,1430867226,9,2b5j0,1,music like dirt,212,Laranja Madura,instrumental
Chasing Dreams,1430829342,8,2b520,1,Insomnia Daily Dose,352,Magic Sky,instrumental
Onra,1430842056,12,2b566,1,Fake Shore Drive,236,Over & Over (feat. Do Or Die & Johnny P),instrumental
Town Portal,1430759786,1,2b4h5,1,Heavy Blog Is Heavy,321,Yes Golem,instrumental
GIANTS,1430790549,1895,2b35t,4,Best Before,230,Throwback feat. Josef Salvat,instrumental
Daktyl,1431032518,36,2b725,2,Maddecent,200,Daktyl - Cyclical (Gillepsy Remix) (feat. SPZRKT),instrumental
FloFilz,1431031825,21,2b76b,1,House of Lords,113,lost south,instrumental
Tall Black Guy,1431020121,7,2b70z,1,Okayplayer,216,Far From Human92.000BPM,instrumental
METAL,1431022883,9,2aza2,2,Queen Beetch,203,So Far Gone,instrumental
GRiZ,1431012109,4275,29rmk,12,The Music Ninja,290,The Anthem (feat. Mike Avery),instrumental
GRiZ,1431012096,3677,1nj73,11,The Music Ninja,370,The Future Is Now,instrumental
JONES,1431022868,584,2apt6,17,Musicgeeks,196,Indulge,instrumental
GRiZ,1431012104,65,2b6wz,1,The Music Ninja,335,Get Down (feat. Sunsquabi And Manic Focus),instrumental
Jakob,1430987839,37,25vjf,6,Destroy//Exist,418,Blind Them With Science,instrumental
LAKIM,1431002990,13,2b5zm,2,The 405,103,"I'm Rick James, Bitch...",instrumental
Hudson Mohawke,1430858599,21,2b5fe,1,MOARRR,276,Very First Breath Feat. Irfane (Finskit Remix) //,instrumental
