,artist,loved_count,mediaid,posted_count,sitename,time,title,loved
0,Sia,7158,2bbc8,3,Your Music Radar,216,California Dreamin,True
1,Lana Del Rey,4425,2b5c3,3,Oh My Rock,277,Born To Die (Absence Remix),True
2,Monster Rally,316,247x6,2,music islands,219,Chin-don-ya,True
3,Dusky,495,2bznk,6,Mixmag,384,Skin Deep,True
4,Major Lazer,10138,227j1,23,Maddecent,182,Aerosol Can (feat. Pharrell Williams),True
5,Miguel,15868,228mk,23,Site of Sound,205,Simplethings,True
6,TEEMID & Daniela Andrade,9479,226ye,8,I Heart Moosiq,263,Crave You (Flight Facilities Cover),True
7,OutKast,5012,2b6yd,3,Your Music Radar,194,Roses (PLS&TY Remix),True
8,Courtney Barnett,494,29w6h,4,said the gramophone,293,Depreston,True
9,French Montana,665,2c10q,5,Discobelle,229,Gucci Mane (feat. Lil Wayne & Rick Ross) (prod. by Kanye West),True
10,Robyn,1420,2c3ac,5,Music You Wanna Listen To,271,Dancing On My Own (Templeton Remix),True
11,Toro y Moi,1099,2c1d3,23,acid stag,189,2Late feat. Kool A.D. and SAFE,True
12,Crooked Colours,4376,2bt0t,7,Wonky Sensitive,229,Electric Feel (MGMT Cover),True
13,Alesso,3313,2c389,4,stereogum,191,This Summer's Gonna Hurt Like A Mother F****r (Alesso Remix) (Radio Edit),True
14,Klyne,6135,2c09d,21,Oh My Rock,187,Paralyzed,True
15,Gallant,5944,2c3pf,28,Anotherwhiskyformisterbukowski,204,Weight In Gold,True
16,Jack Garratt,4318,2c3mc,25,chillsoundsgoodmusic,225,Weathered,True
17,Cheers Elephant,5361,2bfxf,10,EUPHORIA. Magazine,212,Airliner,True
18,Tame Impala,4703,23383,54,Silence Nogood,274,Stranger In Moscow(( MJ cover)),True
19,The Pharcyde,15218,205k2,19,Lautstark,290,Runnin' (Bit Funk Remix),True
20,Crooked Colours,2848,204z0,16,music is art,215,Come Down,True
21,FETTY WAP,1217,2c41v,8,Abouttoblow,263,D.A.M DATS ALL ME,True
22,Ducktails,1372,2b5et,30,newmusic.cz,214,Headbanging In The Mirror,True
23,Cayucas,744,2b1kk,27,Indie is not a genre,218,Moony Eyed Walrus,True
24,Billy Bragg & Wilco,1093,30xf,27,Across The Kitchen Table,298,California Stars,True
25,Hibou,2006,2bmqa,22,barrygruff,259,Dissolve,True
26,Father John Misty,1490,27msa,44,2 U I Bestow,262,Bored In The USA,True
27,Real Estate,1060,21rvk,38,Fuzzy Logic,192,Talking Backwards,True
28,The Knocks,13736,15sj5,41,SFCritic,239,Dancing With The Dj,True
29,The Knocks,8641,2654z,11,Site of Sound,262,Classic (RAC Mix),True
30,The Knocks,21782,25xk6,27,SFCritic,249,Classic (feat. Powers),True
31,The Knocks,1942,2bamw,11,EDM Girl,327,Classic (Pat Lok Shymix),True
32,The Internet Music,3556,2c0ae,17,alltomorrowmusic,416,Girl feat. KAYTRANADA,True
33,COMPNY,1565,2bzm1,25,Little Indie Blogs,233,Gently Let You Down,True
34,Miguel feat. Wale,13442,239bn,8,Guilty Feet Have Got No Rhythm,314,Bennie and the Jets,True
35,Mitski,138,26mqp,13,Music Broke My Bones,205,Townie,True
36,Otis Redding,399,26eye,1,Yaqui,232,Sittin On The Dock Of The Bay (TEEMID Edit),True
37,In The Valley Below,4128,1rmtg,5,Indie Shuffle,287,Peaches,True
38,RÜFÜS / RÜFÜS DU SOL,6536,2c1vt,14,Audio Drums,239,You Were Right,True
39,"Kehlani, G-Eazy, IAMSU! and Lil B",2205,2bzxz,6,The Passion of the Weiss,235,Champion (Prod. by P-Lo),True
40,Sia,7158,2bbc8,3,Your Music Radar,216,California Dreamin,True
41,Lana Del Rey,4425,2b5c3,3,Oh My Rock,277,Born To Die (Absence Remix),True
42,Monster Rally,316,247x6,2,music islands,219,Chin-don-ya,True
43,Dusky,495,2bznk,6,Mixmag,384,Skin Deep,True
44,Major Lazer,10138,227j1,23,Maddecent,182,Aerosol Can (feat. Pharrell Williams),True
45,Miguel,15868,228mk,23,Site of Sound,205,Simplethings,True
46,TEEMID & Daniela Andrade,9479,226ye,8,I Heart Moosiq,263,Crave You (Flight Facilities Cover),True
47,OutKast,5012,2b6yd,3,Your Music Radar,194,Roses (PLS&TY Remix),True
48,Courtney Barnett,494,29w6h,4,said the gramophone,293,Depreston,True
49,French Montana,665,2c10q,5,Discobelle,229,Gucci Mane (feat. Lil Wayne & Rick Ross) (prod. by Kanye West),True
50,Robyn,1420,2c3ac,5,Music You Wanna Listen To,271,Dancing On My Own (Templeton Remix),True
51,Toro y Moi,1099,2c1d3,23,acid stag,189,2Late feat. Kool A.D. and SAFE,True
52,Crooked Colours,4376,2bt0t,7,Wonky Sensitive,229,Electric Feel (MGMT Cover),True
53,Alesso,3313,2c389,4,stereogum,191,This Summer's Gonna Hurt Like A Mother F****r (Alesso Remix) (Radio Edit),True
54,Klyne,6135,2c09d,21,Oh My Rock,187,Paralyzed,True
55,Gallant,5944,2c3pf,28,Anotherwhiskyformisterbukowski,204,Weight In Gold,True
56,Jack Garratt,4318,2c3mc,25,chillsoundsgoodmusic,225,Weathered,True
57,Cheers Elephant,5361,2bfxf,10,EUPHORIA. Magazine,212,Airliner,True
58,Tame Impala,4703,23383,54,Silence Nogood,274,Stranger In Moscow(( MJ cover)),True
59,The Pharcyde,15218,205k2,19,Lautstark,290,Runnin' (Bit Funk Remix),True
60,Crooked Colours,2848,204z0,16,music is art,215,Come Down,True
61,FETTY WAP,1217,2c41v,8,Abouttoblow,263,D.A.M DATS ALL ME,True
62,Ducktails,1372,2b5et,30,newmusic.cz,214,Headbanging In The Mirror,True
63,Cayucas,744,2b1kk,27,Indie is not a genre,218,Moony Eyed Walrus,True
64,Billy Bragg & Wilco,1093,30xf,27,Across The Kitchen Table,298,California Stars,True
65,Hibou,2006,2bmqa,22,barrygruff,259,Dissolve,True
66,Father John Misty,1490,27msa,44,2 U I Bestow,262,Bored In The USA,True
67,Real Estate,1060,21rvk,38,Fuzzy Logic,192,Talking Backwards,True
68,The Knocks,13736,15sj5,41,SFCritic,239,Dancing With The Dj,True
69,The Knocks,8641,2654z,11,Site of Sound,262,Classic (RAC Mix),True
70,The Knocks,21782,25xk6,27,SFCritic,249,Classic (feat. Powers),True
71,The Knocks,1942,2bamw,11,EDM Girl,327,Classic (Pat Lok Shymix),True
72,The Internet Music,3556,2c0ae,17,alltomorrowmusic,416,Girl feat. KAYTRANADA,True
73,COMPNY,1565,2bzm1,25,Little Indie Blogs,233,Gently Let You Down,True
74,Miguel feat. Wale,13442,239bn,8,Guilty Feet Have Got No Rhythm,314,Bennie and the Jets,True
75,Mitski,138,26mqp,13,Music Broke My Bones,205,Townie,True
76,Otis Redding,399,26eye,1,Yaqui,232,Sittin On The Dock Of The Bay (TEEMID Edit),True
77,In The Valley Below,4128,1rmtg,5,Indie Shuffle,287,Peaches,True
78,RÜFÜS / RÜFÜS DU SOL,6536,2c1vt,14,Audio Drums,239,You Were Right,True
79,"Kehlani, G-Eazy, IAMSU! and Lil B",2205,2bzxz,6,The Passion of the Weiss,235,Champion (Prod. by P-Lo),True
80,Eric Prydz,5897,1erev,5,One A Day,448,2Night (Original Mix),True
81,Neon Indian,17050,1ddwn,97,Vocododo,266,Polish Girl,True
82,Class Actress,2641,1e85t,43,Thought on Tracks,242,Weekend,True
83,Drake & Waka Flocka,1711,1e9hp,14,EARMILK,259,Round of Applause,True
84,Camo & Krooked,1964,1espe,3,AudioCred,250,Far Away,True
85,Peter and Kerry,2484,1espa,5,New Music Collaborative,220,Knees,True
86,The Rapture,3392,1epjs,18,Nashville Nights,388,How Deep Is Your Love (A-Trak Remix),True
87,Zeds Dead,20058,1e2kk,32,Muros de Absenta,184,Coffee Break,True
88,The Drums,2535,1e7j4,5,The Digital Outhouse,269,Days,True
89,"Nervo (Afrojack, Steve Aoki & Cheyenne Giles Edit)",5336,1dwf0,4,D SQUARED,436,We're All No One,True
90,Zeds Dead & Omar LinX,2361,1m1bd,9,White Folks Get Crunk,284,NO PRAYERS (KEYS N KRATES RMX),True
91,Mapei,25978,1zm6w,50,Faded Glamour,215,Don't Wait,True
92,Laidback Luke,3800,1kzfe,4,EARMILK,368,1234 Feat. Chuckie & Martin Solveig (Original Mix),True
93,Feist,788,1krzh,1,This Is That Song,281,Secret Heart,True
94,Kill Paris,4306,1ky0n,8,touchez francais,259,Keep Your Secrets in Midnight City,True
95,Ke$ha,1213,1gff0,9,Minneapolis Fucking Rocks,293,"Sleazy Remix 2.0 - Get Sleazier (feat. Lil Wayne, Wiz Khalifa, T.I. & André 3000)",True
96,Klangkarussell,14345,1jgv0,17,The Music Ninja,360,Sonnentanz,True
97,Charlotte Gainsbourg,1236,1g6nk,5,Faded Glamour,229,Out Of Touch,True
98,SkizTheRapper,693,1gght,7,The Jackplug,215,Shangri-La,True
99,Band of horses,389,bj2x,12,Draw Us Lines,189,the general specific,True
100,Dawes,165,10hkx,9,The Ruckus,246,When My Time Comes,True
101,Pretty Lights,4443,1m0jt,15,EARMILK,260,You Get High,True
102,Lupe Fiasco,2521,1g5hj,1,blahblahblahscience,406,"Super Cold (Raak Remix) (Feat. Ab-Liva, Asaad & Gilbere Forte)",True
103,the horrible crowes,1854,1g64b,1,The New LoFi,291,sugar,True
104,Young Jeezy,1649,1fz16,8,AudioCred,312,I Do (Featuring Jay-Z & Andre 3000 ) (No Tags),True
105,Odjbox,4507,1g60h,1,Music For Morons,190,Birmingham,True
106,Wale,4895,1ffz9,5,EARMILK,302,Ambition (feat. Meek Mill & Rick Ross),True
107,Saukrates,1879,1fg3p,2,The Music Ninja,170,Say I,True
108,The Roots,4073,1f5yf,37,AudioCred,272,Make My,True
109,LIPS,6403,1ffe4,10,EARMILK,244,Everything To Me (Adventure Club Dubstep Remix),True
110,Volta Bureau,2875,1etbs,8,Dancing Astronaut,300,Alley Cat,True
111,Madeon,3425,1f545,1,blahblahblahscience,104,Icarus,True
112,Hoodie Allen,2948,1d7tj,5,The Jackplug,196,Song For An Actress,True
113,Chromeo,3239,1dfpn,27,Et Musique Pour Tous,231,When the Night Falls (feat. Solange Knowles) (Mayer Hawthorne Cover),True
114,The Moondoggies,20,18d25,7,Austin Town Hall,164,Track 01,True
115,The Devil Whale,76,19ad0,10,The Wheel's Still In Spin,224,9 Barracudas,True
116,The Devil Whale,40,1bptt,11,Tough Customer // Wire,228,Standing Stones,True
117,William Elliott Whitmore,5,1berf,1,captain's dead,277,what u do,True
118,Those Darlins,104,1aq2h,9,Rollo & Grady,220,Be Your Bro,True
119,Howard Iceberg & The Titanics,1,1csa5,1,ninebullets,206,The Wrestler,True
120,Kid Cudi,22539,1b9zx,13,Indie Shuffle,164,Falling Star (R3K Remix),True
121,Galapaghost,3645,16nnm,16,the steely stylus,187,Never Heard Nothin',True
122,Chairlift,8374,kabk,49,The New LoFi,242,Bruises,True
123,Cage the Elephant,7853,16hr5,12,Richmond Playlist,212,Shake Me Down,True
124,Okkervil River,320,19p5w,32,Indie Rock Cafe,216,Wake and Be Fine,True
125,Jolie Holland,63,1b7zm,14,This Is That Song,197,Gold and Yellow,True
126,My Morning Jacket,98,yj17,4,Football and Music,182,Blue Moon,True
127,Friendly Fires,11980,ma8d,124,EARMILK,464,Paris (feat. Au Revoir Simone) (Aeroplane Remix),True
128,Ratatat,7808,4t74,43,TheMusic.FM,266,Seventeen Years,True
129,D.veloped,16128,1g7c9,12,djnodj,206,Bring Em Home (Edward Sharpe // T.I.),True
130,Richard Buckner,4,1b90q,1,Hyperbolium,138,Traitor,True
131,The Elected,57,1bbhp,7,Indie For Bunnies,232,Go For The Throat,True
132,William Elliott Whitmore,44,1bbvs,7,brooklynvegan,256,Everything Gets Gone,True
133,O'Death,774,18kgj,43,SUCKA PANTS,135,Bugs,True
134,Caitlin Rose,23,19mrn,3,My Old Kentucky Blog,198,Shanghai Cigarettes (LaundroMatinee.com session),True
135,Trampled By Turtles,1476,110ex,15,SUCKA PANTS,205,Wait So Long,True
136,Keegan DeWitt,56,16s1w,3,guerolitomusic,298,Two Hearts (mp3),True
137,Jason Isbell & The 400 Unit,50,1atc2,4,ninebullets,229,Alabama Pines,True
138,Ian McFeron,7,1bbdw,1,Richmond Playlist,210,Comfort In The Bottle,True
139,Hoodie Allen,3648,18a02,7,The Smoking Section,197,Dreams Up,True
140,Mark Ronson And The Business Intl,1869,15562,8,AWmusic,265,The Bike Song (feat. Kyle Falconer & Spank Rock),True
141,Okkervil River,22,1a8tr,3,Salad Days Music,206,Wake And Be Fine,True
142,Anthony Da Costa,18,1b93s,1,Cover Lay Down,336,Boots of Spanish Leather (Bob Dylan Cover),True
143,Keegan DeWitt,269,1b7px,7,The Wounded Jukebox,270,Thunder Clatter,True
144,The Felice Brothers,57,1aajv,11,The Key,305,Ponzi,True
145,Ian McFeron,8,1bbdx,1,Richmond Playlist,210,I'll Come Knockin',True
146,Tinie Tempah,3335,1bc3v,2,First up!,212,Till I'm Gone (Feat. Wiz Khalifa),True
147,Ian McFeron,4,1bbds,1,Richmond Playlist,171,Good Morning (I'm Still Here),True
148,Keegan DeWitt,54,13smw,4,guerolitomusic,287,Hearts Beat Loud,True
149,Jason Isbell,4,1ba1n,1,Berkeley Place,288,Psycho Killer (Talking Heads),True
150,Drive-By Truckers,14,vjep,2,Bottom of the Glass,302,Lookout Mountain,True
151,Jason Isbell,6,1ba1p,1,Berkeley Place,367,Into the Mystic (Van Morrison),True
152,The Flavour,2886,1b0e2,3,Schitz Popinov,176,Sex on Fire ( Reggae Cover ),True
153,The Heavy,3832,xbmh,11,"Safety, Fun & Learning",217,How You Like Me Now?,True
154,Lupe Fiasco,4997,1993j,10,Fuck yeah! Go team!,221,All Black Everything,True
155,Xaphoon Jones,12186,1ab7h,14,Oh My Rock,179,The Jackson Pit,True
156,Ratatat vs. Marvin Gaye,8067,1agk1,4,EARMILK,206,Ain't No Drugs High Enough The Jane Doze mashup),True
157,Afrojack,7499,17pca,3,This Bonus Track,480,Replica (Daft Punk Vs. Yelle Vs. Katy Perry Vs. Bloc Party Vs. Major Lazer),True
158,Of Monsters And Men,26215,179kx,71,Meadow Music,246,Little Talks,True
159,Foster The People,4356,1agyw,6,the burning ear,218,Pumped Up Kicks (The Knocks Remix),True
160,A-Trak,540,12138,1,First up!,220,O Let's Overdo It,True
161,David Dallas,2262,11whf,7,JayeL Audio Music,202,Til Tomorrow,True
162,Outkast,662,120m5,2,One A Day,359,Spottieottiedopaliscious,True
163,Shwayze,2240,121jz,2,Discobelle,237,Buzzin' (DJ Skeet Skeet & Cory Nitta Remix),True
164,Kings of Convenience,3304,tgsm,20,Delicieuse Musique,221,Boat Behind,True
165,Eminem,7295,12gk7,7,AWmusic,264,Love the Way You Lie (Feat. Rihanna),True
166,The White Panda,5657,12bjt,10,Seattle in High Def,170,The Next Starf*cker (Snoop & Dre meet Starfucker),True
167,Cee Lo Green,2472,12ewk,4,the burning ear,239,What Part Of Forever,True
168,Andre 3000 (Feat. Norah Jones),1510,121k0,1,Avenge the Virgins,157,Take off your cool,True
169,CocoRosie,420,hv6n,2,The New Montreal,181,Sunshine,True
170,Hidetake Takayama,993,17pn7,1,Hilly Dilly,340,Sunset Song,True
171,Beach House,2734,17a3h,82,Chromewaves,209,I Do Not Care For The Winter Sun,True
172,Ellie Goulding,22544,1753q,21,Silence Nogood,281,Your Song (Blackmill Dubstep Remix),True
173,Skrillex,9475,176za,17,aerial noise,305,Cat Rats,True
174,The White Panda,7701,1621k,7,Silence Nogood,172,Escape Day 'N' Nite (Kid Cudi // Tiesto),True
175,Wait What,1247,14d3j,2,Sunset in the Rearview,211,i gotcha right moves (lupe fiasco vs. onerepublic),True
176,The Black Keys,22226,10k0q,94,Indie Shuffle,210,Tighten Up,True
177,Oasis,1763,45qw,17,Popdose,290,Don't Look Back in Anger,True
178,Wait What,2698,14fp8,3,the burning ear,274,got urself an electric gun (nas vs mgmt & justice),True
179,The Jimi Hendrix Experience,802,11ngk,2,indie shuffle,408,Like A Rolling Stone (Bob Dylan Cover),True
180,Deadmau5,11137,11p39,13,Intentional Independent Inspiration,447,Some Chords (Original Mix),True
181,The Tallest Man On Earth,6738,z7wd,117,Star Maker Machine,206,King of Spain,True
182,WTF?! & dead prez,696,140t3,2,earmilk,336,It's Bigger Than Hip Hop (Sidney Samson Remix),True
183,Cassius,721,143rp,1,Why FuKK When You Can Dance,142, I 3 U So,True
184,Professor Green,1452,13ymc,2,Kick Kick Snare,288,Just Be Good To Green (Joker Vocal Remix),True
185,Tim Gunter,3441,14146,1,musical pairings @ eating/sf,265,"Ghosts 'N Money feat. Deadmau5, Drake, Birdman and Lil Wayne",True
186,Fake Blood,3542,12nm7,19,Penned Madness,319,I Think I Like It (Tommie Sunshine & Figure EC$TACY edit),True
187,poka,1235,1410v,3,Delicieuse Musique,248,99 style,True
188,Gangstarr,2665,12mkz,1,Silence Nogood,178,Work,True
189,Phoenix,3294,v1wz,4,indie shuffle,174,1901 (acoustic),True
190,Drake & Coldplay,3334,12gbs,2,Cause=Time,391,"Forever La Vida (feat. Lil Wayne, Kanye West & Eminem)",True
191,Oasis,4847,12kz0,8,Pigeons and Planes,248,Wonderwall (Questions Version),True
192,The Hood Internet,8533,10g9w,9,Hear No Evil,211,Nuthin' But A Journal Thang (Dr. Dre vs Class Actress),True
193,Atmosphere,12590,an3p,18,No Country For New Nashville,217,Sunshine,True
194,Lily Allen,1201,11nf2,1,Town Full of Losers,150,Everybody's Changing,True
195,Beirut,6201,6fnn,78,Stereofox,257,Postcards From Italy,True
196,The White Panda,4778,11px3,10,Silence Nogood,238,Drake & Diane (Drake // John Mellencamp),True
197,Two Door Cinema Club,9150,11sem,8,Indie Shuffle,226,"Eat That Up, It's Good For You",True
198,B.o.B + Asher Roth,3688,11zec,4,Hot Biscuits,308,Fuck The Money,True
199,Blur,551,b1wn,3,Scottish Friction,318,Coffee & TV,True
200,Miike Snow,10398,shb9,13,This Bonus Track,250,Song for No One,True
201,Hey Champ,6200,kq1z,51,We Are Noise,263,Cold Dust Girl,True
202,Hathbanger,3287,zezy,7,on THE spur of the moment,195,Party and Bullshit In the U.S.A. (Miley vs. Notorious B.I.G.),True
203,Aloe Blacc,18548,zrgm,78,The 'Spill,245,I Need a Dollar,True
204,Chiddy Bang,8022,112cr,10,Sunset in the Rearview,187,Hey London,True
205,KiD CuDi,20064,j3n8,16,The New LoFi,219,The Prayer,True
206,Kings of Convenience,5197,tqc7,17,Et Musique Pour Tous,258,I Don't Know What I Can Save You From (Röyksopp Remix),True
207,Ludacris vs Ke$ha,1929,112sm,2,20 Watts,204,$hwagger Jagger (Pres Mashup),True
208,Two Door Cinema Club,22211,10spe,87,All Things Go,249,Something Good Can Work (The Twelves Remix),True
209,Sublime,338,10rst,1,Hear No Evil,212,Scarlet Begonias,True
210,Walter Murphy & The Big Apple Band,4916,kkj9,14,Schitz Popinov,225,A Fifth of Beethoven (Soulwax Remix),True
211,Theophilus London vs. Vampire Weekend,1575,12hca,9,CHROMEMUSIC,151,Give It Up Dad,True
212,shwayze,1373,11mk1,1,Stoney Roads,247,04 GET U HOME - (Bloody Beetroots Italo Disco Rmx),True
213,Phoenix,8656,rm01,10,Kick Kick Snare,258,1901 (Customised by DLID),True
214,Jay-Z vs. The Dap Kings,2182,14c8p,11,Kick Kick Snare,238,99 Problems (Prince Ballard Royal Edit),True
215,Solid Gold,630,mrhv,10,Both Sides of the Mouth,258,Who You Gonna Run To?,True
216,White Rabbits,3086,r37c,68,Chromewaves,189,Percussion Gun,True
217,K-Os,6058,r65a,13,Music For Kids Who Can't Read Good,190,I Wish I Knew Natalie Portman,True
218,Camron,1403,11gk0,2,One A Day,243,Spend The Night,True
219,Bone Thugs-n-Harmony,279,10nwd,2,melophobe,257,D.O.A. (Jay Z Cover),True
220,wait what,1637,10s0e,3,Sunset in the Rearview,258,mo stars mo problems [the notorious b.i.g. vs. the xx],True
221,MGMT,614,11mhk,1,earmilk,329,Kids (DJ STHLM Remix),True
222,Gang Starr,1433,11f9p,3,A Grumpy Old Man With A Beard,225,Above The Clouds,True
223,DeVotchKa,4533,98wz,30,The Ruckus,420,How It Ends,True
224,Lupe Fiasco,1550,11fnw,1,Pigeons and Planes,260,Love Letter To The Beat,True
225,UGK,2581,11f4z,23,The Music Ninja,257,Int'l Players Anthem (Feat. OutKast),True
226,The Temper Trap,16403,11akb,30,J(am) of the Day,391,Sweet Disposition (RAC Mix),True
227,B.o.B,5398,11egv,7,Mixtape Maestro,219,Not Lost feat. T.I.,True
228,Justin Bieber x MSTRKRFT,5195,11626,12,Music That We Like,218,Heartbreaker Baby (CJ Milli Mix),True
229,Crystal Castles,5036,11nnh,31,ACE,270,Vietnam (lightsoverla remix),True
230,Coconut Records,6419,91z5,41,Side One Track One,208,West Coast,True
231,Katy Perry,8504,kgqy,28,Minneapolis Fucking Rocks,207,Electric Feel (MGMT COVER),True
232,wait what,1972,10npy,8,Indie Shuffle,236,juicy-r [the notorious b.i.g. vs. the xx],True
233,Mumford And Sons,15078,w6fn,26,Indieball,261,Little Lion Man,True
234,wait what,488,10s0d,2,THE RATCATCHERS,272,it's all about the crystalizabeths [the notorious b.i.g. vs. the xx],True
235,Jay-Z vs Black Kids,3577,10s43,3,say it like slam,192,Not Gunna Encore (Ha! Yes Mash-Up),True
236,Victor Menegaux,2086,n8r6,2,Rollo & Grady,195,Going Back To Dani (Notorious B.I.G. vs. Red Hot Chili Peppers),True
237,Wait What,4199,10s72,6,La detente generale,183,Islands Is The Limit (The Notorious B.I.G. vs. the xx),True
238,The Velvet Underground,1265,ywmy,2,songs that are good,450,Oh! Sweet Nuthin',True
239,Brand-x,2661,12gsj,5,Vacay Wave,209,Chillin on the Plane L (M.I.A. x Wale x Lady Gaga),True
240,Phoenix,13182,4jcp,29,One A Day,267,If I Ever Feel Better,True
241,Vampire Weekend,1219,zh5d,20,indie rocker revolution,145,Ruby Soho (Rancid Cover),True
242,The Hood Internet,7087,zfa7,15,earmilk,185,Ignition (Keep It Remixing Louder) (R. Kelly vs Major Lazer),True
243,The Hood Internet,6215,rmg6,11,JayeL Audio Music,169,Comfortable Up Here (Lil Wayne vs Röyksopp),True
244,Lupe Fiasco,2385,zk4s,6,Dipped in Dollars,240,What U Want,True
245,Blur,1988,tet1,4,indie shuffle,319,Song 2 (Vengeance Remix),True
246,The White Panda,13081,zx98,10,Silence Nogood,200,Shooting Superstars (Eminem vs Bag Raiders),True
247,Rusko Vs Ludacris,1112,zwcs,5,POSTMUSIC,214,I Can Go Thug (Twerkshop Mashup),True
248,The Hood Internet,568,t7gk,4,The Music Ninja,238,Make The Loop Say Aye (OJ Da Juiceman vs Discovery),True
249,YACHT,4072,saem,58,The Panic Manual,309,Psychic City (Voodoo City),True
250,Edward Sharpe & The Magnetic Zeros,26108,tedp,120,The 'Spill,304,Home,True
251,Danger Mouse & Sparklehorse,4679,rxp3,33,Indie Rock Cafe,273,Little Girl (w/ Julian Casablancas),True
252,Matt & Kim,9250,vchz,15,Cougar Microbes,275,Daylight (Troublemaker Remix feat. De La Soul),True
253,Clockwork,4655,10dfz,2,The Music Ninja,243,Office Musik (Dwight K. Shrute Vs. Weezy F. Baby),True
254,The White Panda,9367,10e1a,15,Salacious Sound,201,Tipsy In The Sun (Weezer // J-Kwon),True
255,The Beach Boys,7708,v1rq,12,My Universal Language,219,Wouldn't It Be Nice (The Girls Can Hear Us Remix),True
256,The White Panda,1596,1088r,10,FYaCity,185,"Ready For My Neck, My Back (Hot Chip // Khia)",True
257,Jonsi,2070,1077k,15,The Wounded Jukebox,255,Tornado,True
258,The xx,620,w2xz,4,Streetkiss music,258,Teardrops,True
259,Focus,569,xprk,6,The 'Spill,403,Hocus Pocus,True
260,RADIO KROME,433,tbhd,2,Subservient Experiment,187,Amanda Blank - Might Like You Better (RADIO KROME Remix),True
261,Miike Snow,9207,shb4,31,Side One Track One,386,Silvia,True
262,Kidz in the Hall,969,108mg,4,blahblahblahscience,278,Take Over the World (Feat. Colin Munroe) (Prod. Just Blaze),True
263,KiD CuDi Ft. Snoop Dogg,3125,107z7,1,First up!,271,I Do My Thing (prod. by Dr. Dre),True
264,Biggie vs Tupac vs The xx,11268,v9et,13,Cause=Time,149,Runnin With The xx (Quix vs Elliot Blend),True
265,K-Os,2940,5f4j,10,Auditor Records,230,Sunday Morning,True
266,Birdman,945,107nt,1,earmilk,187,Loyalty f. Lil Wayne & Tyga,True
267,Two Door Cinema Club,24066,107fw,32,Simply 7,191,What You Know,True
268,Drake,4210,105xk,20,surviving the golden age,236,Over,True
269,Yeah Yeah Yeahs,5213,107a4,6,Raised on Indie,180,Maps [TGIK Remix],True
270,Otis Redding,4109,8fyp,15,THE VINYL VILLAIN,162,(Sittin' On) The Dock Of The Bay,True
271,Angus & Julia Stone,1420,106x7,3,Streetkiss music,296,Silver Coin,True
272,The Hood Internet,5427,sxxg,13,Cougar Microbes,207,Billie Wildcat Jean (Michael Jackson vs Ratatat),True
273,The Hood Internet,10148,zbjg,11,Penned Madness,193,The XX Gon' Give It To Ya (DMX vs The XX),True
274,Dan Black Feat. Kid CuDi,12197,yzsk,41,My Universal Language,223,Symphonies (Remix),True
275,David Guetta ft. KiD CuDi,1746,yzkj,2,TAjT,303,Memories (Leo Lotsaless Remix Big Room Build),True
276,Metric,2139,v4hg,4,The Digital Outhouse,184,"Don't Think Twice, It's Alright",True
277,Fever Ray,10236,wr53,38,Namunël,288,Seven (The Twelves Remix),True
278,Mumford & Sons,9227,n6m3,52,The Blue Walrus,247,Little Lion Man,True
279,Passion Pit,1758,z40m,3,CHROMEMUSIC,143,Sleepyhead (Acoustic Piano Version),True
280,RJD2,1175,wtrc,4,Rollo & Grady,208,All For U,True
281,Florence + The Machine,37992,wm2h,154,djnodj,344,You've Got The Love (The XX Remix),True
282,,1163,wtrs,2,The Music Ninja,202,99problems vs. phantom II,True
283,Wale,5893,wtk5,9,Et Musique Pour Tous,202,90210 (prod. by Mark Ronson),True
284,Chiddy Bang,6713,sgnw,18,Listen Before You Buy,171,Truth (feat. Passion Pit),True
285,Don Diablo vs Phoenix vs Jay Z,3371,w912,19,Electronix,205,99 Fences,True
286,The Scare,465,wr2a,7,Winnie Cooper,465,Could Be Bad  (G.L.O.V.E.S Remix),True
287,Wale,388,wtpm,1,Hilly Dilly,208,Prescription,True
288,Justice vs Wu Tang Clan,2260,wc2b,8,earmilk,211,Cream Your Friends (Starters Remix),True
289,Xaphoon Jones,11181,wbg3,12,EARMILK,200,"Testify (Radiohead, Kanye West)",True
290,M. Ward,231,q3ke,4,Loft And Lost,255,Hi-Fi,True
291,Andrew Bird,298,pe12,7,עונג שבת,337,"Not A Robot, But A Ghost",True
292,Yeah Yeah Yeahs,5762,xqjv,7,The Music Ninja,230,Maps (Acoustic/Strings Version),True
293,Metric,2324,v55s,9,i (heart) music,187,Don't Think Twice It's Alright (Bob Dylan Cover),True
294,The White Panda,1671,xp2g,2,Muzjiks,226,Stuntin' Like My Energy (Lil Wayne vs Keri Hilson),True
295,KiD CuDi,22278,y0rf,24,"The Good, The Bad, and The Unknown",146,Cudderisback (Feat. Vampire Weekend),True
296,Flying Lotus,1283,j17x,9,Sunset in the Rearview,186,Robo Tussin feat. Lil Wayne.aif 15.41.55PM,True
297,DJ Mehdi,685,8smr,4,The Wet Blog,371,Signatune (Spiller Remix),True
298,Lady Gaga,1151,x9q8,6,The World Forgot,364,Paparazzi (Redlight Remix),True
299,DJ Gizmo,168,w2er,1,The Animal Show,237,Keep On Till You Get Enough (Steve Miller Band vs. Michael Jackson),True
300,Arcade Fire,4772,8anb,71,Minored In Music,337,Wake Up,True
301,Phoenix,564,c520,4,AWmusic,221,One Time Too Many,True
302,Los Campesinos!,1022,e1e5,20,Gigantic,406,You! Me! Dancing!,True
303,Phoenix,1176,xfvr,4,EARMILK,247,1901 (Neon Steve Remix),True
304,Modest Mouse,7078,6ts0,30,The Music Ninja,208,Float On,True
305,Daft Punk,777,xfwv,1,ilictronix,344,Around the World (Sebastian Leger's Not To Be Released Remix),True
306,The Whitest Boy Alive,5818,p8k5,22,SLOANE RANGER,212,1517,True
307,Kanye West,25140,1cxw,23,Silence Nogood,315,Get Em High (Ratatat Remix),True
308,RJD2,940,t7ng,4,The MusicFile,297,Good Times Roll Pt 2,True
309,Birdman ft. Drake & Bun B,542,x834,1,First up!,252,Mo Milly (Feat. Drake And Bun B),True
310,Anya Marina,10389,x3p9,14,New Music Collaborative,229,Whatever You Like (T.I. Cover),True
311,Aesop Rock,3016,6k70,10,katarokkar,266,Daylight,True
312,Jay-Z/Danger Mouse,1500,s2er,6,Silence Nogood,267,What More Can I Say,True
313,dfp,720,1b63h,2,La detente generale,373,I want you Black-Dimitri From Paris super heavy funk brakes remix,True
314,Rhymefest,1266,45vm,3,Some Songs Considered,227,Build Me Up (Feat. O.D.B.),True
315,Uffie,1281,w5r0,6,First up!,159,Pop the Glock (Mirwais Pop Remix),True
316,Casiotone For The Painfully Alone,470,qymc,4,Monstrous Media!,210,Hot Boyz (W/ Dear Nora),True
317,Miike Snow,12103,qc6a,79,8106,264,Animal,True
318,Vampire Weekend,5854,w7d5,79,Chromewaves,208,Horchata,True
319,Justice,927,vc74,8,Vacay Wave,318,We Are Your Friends (Barretso Remix),True
320,Noah And The Whale,1828,mxq0,2,the OCMD,215,5 Years Time,True
321,Vampire Weekend,3363,kjm4,27,We All Want Someone To Shout For,243,Ottoman,True
322,KiD CuDi,1732,veq4,2,Tympanogram,236,"G.O.O.D. Music, Soundtrack 2 My Life",True
323,KiD CuDi ft. Ratatat,49,vkef,1,First up!,225,Pursuit of Happiness (Live Late Show with David Letterman 11th of September 2009),True
324,KiD CuDi,4511,vfb3,6,Indie Shuffle,227,"Up, Up, And Away (The Wake And Bake Song)",True
325,Justice,445,vm3w,2,tashed,362,Phantom Pt.2 (Freemasons Remix),True
326,La Roux,11606,yrgg,61,THE VINYL VILLAIN,303,In For The Kill (Skream's Let's Get Ravey Remix),True
327,Miike Snow,5274,t5nj,7,ilictronix,316,In Search Of,True
328,Kanye West,1589,vbyy,5,EARMILK,318,Flashing Lights (High Contrast Remix),True
329,Fly Gypsy,483,vbpt,2,surviving the golden age,289,Reasons (feat. Kanye West),True
330,Phoenix,2705,w1fs,9,Tunes I Dig,181,Everything Is Everything,True
331,Electric Wire Hustle,6169,w4d2,26,Beaver on the Beats,269,They Don't Want,True
332,Kinetic Stereokids,354,tn1m,4,Obscure Sound,277,Twisted Thoughts,True
333,Chromeo,1331,c53c,21,Trashbag Kids,269,Bonafied Lovin (YUKSEK remix),True
334,The Hood Internet,6072,r3xt,23,popgoestheradio,198,Good Ol' Fashion Rump Shaker (Beastie Boys vs Matt & Kim),True
335,DJTOPCAT,706,w0s9,3,Tastes Like Caramel,230,Paper heartbeats-88bpm (master),True
336,The Hood Internet,19650,rhqc,30,The Dadada Music Blog,215,Two Weeks Of Hip Hop (Dead Prez vs Grizzly Bear),True
337,Phoenix,5173,qmdh,22,Friends From Far,459,Love Like a Sunset,True
338,Miike Snow,4023,vz6m,19,Plain Or Pan?,221,Black & Blue,True
339,Discovery,5957,smgf,15,The Panic Manual,158,Swing Tree,True
340,Passion Pit,1800,v678,12,EARMILK,368,To Kingdom Come (Grum Vocal Mix),True
341,Peter Bjorn And John,6720,3m88,83,Indie Shuffle,276,Young Folks,True
342,The Bloody Beetroots,803,w0s1,1,KEEPREAL,261,Warping  is Awesome (TOMY's edit),True
343,John Mayer,2003,w0v7,6,Audio Muffin,180,Who Says,True
344,Ishivu,533,w0mw,3,amix music,267,New Clear Head,True
345,Jay-Z and Marvin Gaye,9421,vxyr,6,earmilk,260,Hello Brooklyn,True
346,"Mos Def, Jim Jones & Black Keys",331,vm5p,2,earmilk,202,Hoochie Coo,True
347,DJDT,479,r80g,2,FMLY,208,Killers Remix Dude!,True
348,Phoenix,13698,qp90,139,Ca Va Cool,198,1901,True
349,Xaphoon Jones,6605,vf8f,5,Songs to Save,293,"I Wanna Know Now (Bob Marley, MGMT)",True
350,Kid Cudi,5335,vq91,15,Sunset in the Rearview,267,Make Her Say (Sammy Bananas Remix),True
351,Kid Cudi,15386,vhfh,30,The New LoFi,295,Pursuit of Happiness (Feat. MGMT And Ratatat),True
352,Jay-Z,402,vaqp,2,earmilk,151,Hate f. Kanye West,True
353,Johnny Cash,546,9rbd,6,THE VINYL VILLAIN,233,One,True
354,"Drake Feat. Kanye West, Lil Wayne & Eminem",2418,v81m,8,Citizen Insane,359,Forever,True
355,Band Of Horses,8287,bfyh,51,Chromewaves,217,No One's Gonna Love You,True
356,Ratatat,1411,gq27,38,JP's Blog,258,Shiller,True
357,Obadiah Parker,1228,qbbg,9,CHROMEMUSIC,268,Hey Ya,True
358,Jay-Z,1409,vb36,1,earmilk,270,Already Home (feat. Kid Cudi),True
359,Chiddy Bang,15647,r6j7,49,SUCKA PANTS,193,Kids (Feat. MGMT),True
360,MGMT,423,trt6,1,Rollo & Grady,252,Hot Love Drama,True
361,Vampire Weekend,12814,q66h,28,Sunset in the Rearview,294,The Kids Don't Stand A Chance,True
362,Chester French,1502,td31,11,the burning ear,354,She Loves Everybody (Pance Party Remix),True
363,Ratatat,750,p8gq,6,The ill-ec-tro-nic,597,Mirando (Animal Collective remix),True
364,Eminem,1947,q92d,9,Squeegie,278,Crack A Bottle (DiscoTech Remix),True
365,The Bloody Beetroots,3782,t624,21,redthreat,153,4.AWESOME FEAT THE COOL KIDS,True
366,Santigold,1242,trz4,5,Et Musique Pour Tous,112,I'm a Lady (Benny Blanco Remix),True
367,Of Montreal,2462,ec8e,21,Music From Go to Whoa,231,Jimmy,True
368,Public Enemy,3782,tjvw,4,The Music Ninja,287,He Got Game,True
369,Ellie Goulding,16554,wqxb,32,The Music Ninja,199,Sleepyhead (feat. Starsmith) (Passion Pit Cover),True
370,The xx,3930,v434,24,Off the Radar,261,Shelter (Them Jeans Drum Edit),True
371,The Phenomenal Handclap Band,1018,ry1x,19,Tympanogram,254,Baby,True
372,The Spinto Band,975,2ywv,23,The Opening Acts,215,Oh Mandy,True
373,Super Mash Bros.,2635,qsy1,4,Mashup of the Week Podcast,117,I Fucking Bleed Purple And Gold,True
374,Miike Snow,523,v4va,2,the burning ear,525,Animal (Fred Falke Remix),True
375,Fever Ray,1118,p6r0,24,The 405,505,If I Had A Heart (Fuck Buttons Remix),True
376,Santogold,3678,j6kn,33,the culture of me,160,I'm A Lady (Diplo Mix Ft Amanda Blank),True
377,The Rolling Stones,950,9726,6,You Hear That?!?,284,Gimme Shelter,True
378,Pony Pony Run Run,1280,rbgk,11,Faronheit,193,Hey You,True
379,Deadmau5 & Kaskade,7979,rh43,18,ilictronix,335,I Remember (Radio Edit),True
380,Sufjan Stevens,4092,34d8,63,T S U R U R A D I O,363,Chicago,True
381,We Were Promised Jetpacks,2777,rram,31,The New LoFi,289,It's Thunder And It's Lightning,True
382,Pnau,12760,hcr9,42,Sunset in the Rearview,236,Baby (Breakbot Remix),True
383,Drake,7508,1a4xq,21,Totally Twitterpated,229,Little Bit (feat. Lykke Li),True
384,Diplo,872,ty42,2,djnodj,368,Young Folks (Diplo Youngest Folks Remix),True
385,Acid Girls,432,ty1e,2,the burning ear,219,Wake Up (feat. Frankmusik),True
386,Badly Drawn Boy,492,5q52,15,Music For Kids Who Can't Read Good,224,Once Around The Block,True
387,Belle & Sebastian,387,tzvn,4,Indie Rock Cafe,208,There's Too Much Love,True
388,Kings Of Convenience,558,tw2n,3,The Digital Outhouse,277,I Don't Know What I Can Save You From,True
389,Julian Plenti,156,tvpf,3,The Pigeon Post,227,Only If You Run,True
390,Arcade Fire,748,rb48,5,It All Started With Carbon Monoxide,99,Wake Up (alternate version),True
391,The Supremes,282,tw6k,2,FMLY,177,where did our love go? (quarterbar redo),True
392,Jay-Z & Beanie Sigel,2592,rhs4,5,djnodj,229,Glock Nines (Ratatat Remix),True
393,Deadmau5 vs 2livecrew,397,tg8y,3,Schitz Popinov,315,Moar Face (O-GOD edit),True
394,Boys Noize,3664,scx3,20,Salacious Sound,255,Jeffer,True
395,M83,3466,1cjz9,22,Indie Shuffle,303,We Own The Sky,True
396,Kings Of Convenience,1197,tefc,13,Pigeons and Planes,176,Mrs. Cold,True
397,Atlas Sound,654,texx,17,djnodj,239,Walkabout,True
398,Lou Reed,3360,5fwm,17,J(am) of the Day,253,Walk On The Wild Side,True
399,Matt & Kim,12768,mqap,84,Noonday Tune,171,Daylight,True
400,Wale,5818,t8q4,7,The Music Ninja,211,New Soul Feat. Yael Naim,True
401,Two Door Cinema Club,1317,r4gh,12,The Pop Cop,167,"Hands Off My Cash, Monty",True
402,Michael Jackson & Cookin' Soul,598,symq,1,Kickin' The Peanuts,182,I Want You Back feat. Lil Wayne,True
403,The Verve Vs. Jay-Z,8575,w7mw,12,A Pocket Full Of Seeds,304,Brush Your Bitter Sweet Shoulders Off,True
404,Passion Pit,8617,rkfh,66,Indie Shuffle,239,Little Secrets,True
405,Delorean,2234,ssda,32,All Things Go,279,Deli,True
406,Vampire Weekend,9115,mtkg,49,Dancing Astronaut,278,The Kids Don't Stand A Chance (Chromeo Remix),True
407,3oh!3 feat. KiD CuDi (Benny Blanco),849,t6xv,1,White Folks Get Crunk,197,Don't Trust Me (Remix) (Dirty),True
408,MSTRKRFT,12390,syn4,10,Indie Shuffle,194,Heartbreaker (feat. John Legend),True
409,Kid Cudi vs. The Postal Service,3864,10tpe,2,Muzjiks,275,Man On the Moon (Such Great Heights RMX),True
410,French Horn Rebellion,1258,sh97,10,POSTMUSIC,286,Beaches and Friends (Hey Champ Remix),True
411,Phoenix,2097,s486,27,The Indie Music Database,242,Lisztomania,True
412,Mylo,1399,gzpz,7,amix music,424,Paris Four Hundred (Etienne De Crécy Remix),True
413,Kid Cudi,4890,qe9q,19,Hejven,281,Dat New New (VIKING Remix),True
414,The Heavy,597,t7pw,7,omgdelicious!,184,Sixteen,True
415,The Drums,8096,stqx,123,Austin Town Hall,176,Let's Go Surfing,True
416,Yael Naim,3686,c26m,16,Bridging The Verse,225,New soul,True
417,Discovery,5109,rknb,40,music islands,242,Osaka Loop Line,True
418,Regina Spektor,115,t9ws,1,WeHeartMusic,214,Blue Lips,True
419,Daft Punk,1616,smtq,6,earmilk,322,Face to Face (Night Drugs Rework),True
420,The Knocks,775,skyq,10,Cities of the Plain,279,Can't Shake Your Love,True
421,MGMT,251,tb9n,1,The 405,225,Destrokk,True
422,N.A.S.A.,6057,14zc9,19,Audio Muffin,219,"Gifted feat. Kanye West, Santogold & Lykke Li",True
423,Passion Pit,4869,qxfq,62,The New LoFi,288,The Reeling,True
424,Alex Metric,307,t9ww,5,funkism,282,Shirley You Can't Be Serious,True
425,Kings Of Leon,3360,jgex,45,indie rocker revolution,204,Sex On Fire,True
426,Madvillain,1701,t9w2,14,Indie Shuffle,166,Money Folder (Four Tet Remix),True
427,MSTRKRFT feat. John Legend,11593,t97p,4,All Things Go,390,Heartbreaker (Wolfgang Gartner remix),True
428,Dan The Automator,525,t6f6,6,Sundtrak,311,Rapper's Delight (Van She Tech remix),True
429,Fleet Foxes,218,mswq,4,Misspeak Music,275,Mykonos,True
430,Michael Jackson,424,t6pv,1,Berkeley Place,241,Justice For Billie Jean (justice vs. michael jackson) DJ Schmolli,True
431,La Roux,357,t6a3,10,D SQUARED,333,Bulletproof (Larry Tee & Alexander Technique Blogula Remix),True
432,CJ Milli,88,ssqz,1,the burning ear,252,The People's Homecoming (Kanye,True
433,Super Mash Bros.,4681,syn9,1,FMLY,192,Livin The Dream (I'm On A Float),True
434,Passion Pit,2316,rtw7,7,melophobe,212,Let Your Love Grow Tall,True
435,Matt & Kim,757,ssy8,2,musical pairings @ eating/sf,227,Yeah Yeah (Flosstradamus Remix),True
436,Lights On,480,kt7a,6,5 Acts,261,John And Anne,True
437,White Lies,1717,jtsc,33,Indie Today,287,Death (Crystal Castles Remix),True
438,Röyksopp,3080,pdpr,28,JP's Blog,163,Happy Up Here,True
439,Wale,441,ssza,2,Berkeley Place,309,15 Rather Be With You (Vagina Is For Lovers) f. J Cole & Currensy (prod 9th Wonder),True
440,Metric,16196,1bp6,61,earmilk,320,Monster Hospital (MSTRKRFT Remix),True
441,Noisettes,3619,vdqj,15,Across The Kitchen Table,192,Never Forget You,True
442,Lupe Fiasco Feat. Matthew Santos,1291,sq55,1,Pigeons and Planes,275,Shining Down,True
443,Ra Ra Riot,2252,pg78,16,Berkeley Place,335,Ghost Under Rocks (Passion Pit Mix),True
444,Holy Fuck,1059,b6t2,45,djnodj,269,Lovely Allen,True
445,Generationals,6335,sk35,59,Austin Town Hall,200,"When They Fight, They Fight",True
446,Tatsu,106,spj8,1,We can be honest,147,Our House (prod HERBIE WEST),True
447,Phoenix,235,sphq,3,Harder Blogger Faster,210,Lisztomania (Star Guitar Remix),True
448,Florence + The Machine,10650,t5hf,27,Friends From Far,256,Cosmic Love,True
449,"Alphabeat, FrankMusik and Leon Jean-Marie",3379,hptp,20,Friends by Far,185,Digital Love,True
450,Sharam ft. KiD CuDi,216,srm4,5,Welikeit.indie,496,She Came Along (Reup Club),True
451,Discovery,3643,sqpk,40,Indieball,193,So Insane,True
452,Lemon Jelly,169,sqjv,1,Blog Rockin' Peet,439,His Majesty King Raam,True
453,Royksopp,505,ptrz,11,Mp3 Medication,328,Happy Up Here (Datassette Remix),True
454,Violent Femmes,2616,1faj,34,THE VINYL VILLAIN,145,Blister in the Sun,True
455,Phoenix,5513,rp9h,51,deepbeep,305,Lisztomania (Classixx Version),True
456,Saxon Shore,78,sq3a,2,Happy Days Are Here Again,396,Nothing Changes,True
457,Smashing Pumpkins,159,sqdg,1,Penned Madness,364,5B - 1979 (GlowTape!'s 2009 Remix),True
458,E-603,537,sr4e,4,The Animal Show,320,If You Wanna,True
459,Bedroom Walls,40,sps5,1,Knox Road,138,Somewhere In Newhall,True
460,The Gossip,180,sqnx,1,Mola Super Poco,256,For Keeps,True
461,The Flaming Lips,399,emqs,10,JP's Blog,399,Bohemian Rhapsody (Queen Cover),True
462,Grizzly Bear,9355,qp9f,118,said the gramophone,243,Two Weeks,True
463,Kings Of Leon vs Chew Fu,952,sqqv,1,White Folks Get Crunk,337,Use Somebody (CHEW FU Festival Fix),True
464,The Kills,1553,je9g,20,Friends by Far,352,Cheap and Cheerful (SebastiAn Remix),True
465,Santigold,847,sg2z,5,JayeL Audio Music,174,You'll Find A Way Player (feat. Andre 3000 & Bun B),True
466,Bloody Beetroots,128,spgz,1,KEEPREAL,317,Warp (Blaze Tripp Remix),True
467,The Knux,221,eq50,8,katarokkar,240,Cappuccino,True
468,Tatsu,76,spja,1,We can be honest,294,Semilla,True
469,E-603,1222,sr4g,1,The Animal Show,248,Hey Shorty,True
470,Phoenix,4258,be6z,16,JP's Blog,108,Playground Love (Air Cover),True
471,Frankmusik,1297,s8px,15,JayeL Audio Music,304,Confusion Girl (Don Diablo loves to slowdance remix),True
472,Frankmusik,672,n5pa,6,JayeL Audio Music,166,3 Little Words,True
473,Discovery,1137,smrx,12,This Bonus Track,187,Carby (Feat. Ezra Koenig of Vampire Weekend),True
